{"name":"FetchAssessmentTime","platform":"node","hash":"kaD6fRLBc2GJqb5XTXpe/ciohI6VO7Gx57qGnAaivgs=","blocks":[{"action":"comment","value":"Fetch time window for a given application and source system"}, {"action":"system/IBM/Concert/Concert HTTP Request","name":"IBM_1","inputs":[{"name":"method","value":"\"GET\""},{"name":"path","value":"\"/resilience/grader/api/v1/last_received_timestamps\""},{"name":"query","value":"{\n    \"origin\": $origin,\n    \"origin_name\" : $originName,\n    \"profile_name\": $profileName,\n    \"target_type\": \"app\",\n    \"target \": $applicationName\n}"}]}, {"name":"Function_1","function":"function isEmpty(value) {\n  return value === null || value === undefined || value === '' || (typeof value === 'object' && Object.keys(value).length === 0);\n}\n\nlet startTime = $IBM_1.result.last_received_ts;\nlet endTime = $IBM_1.result.current_ts;\n\n/* \n If last received time is null and current time is returned \n then this indicates that there is no data for that source system\n and application and so start time will be computed \n using configured default time window\n*/\nif(!isEmpty(endTime)) {\n    if(isEmpty(startTime)) {\n        startTime = new Date(endTime).getTime() - $defaultWindowSize;\n    }\n}\n\n$result = {\n    \"startTimestamp\": new Date(startTime).getTime(),\n    \"endTimestamp\": new Date(endTime).getTime()\n}"}],"variables":[{"name":"applicationName","required":true,"isInput":true,"isOutput":false,"level":"INTERMEDIATE","type":{"type":"string"},"value":"\"\""},{"name":"profileName","required":true,"isInput":true,"isOutput":false,"level":"INTERMEDIATE","type":{"type":"string"},"value":"\"\""},{"name":"origin","required":true,"isInput":true,"isOutput":false,"level":"INTERMEDIATE","type":{"type":"string"},"value":"\"\""},{"name":"result","required":false,"isInput":false,"isOutput":true,"level":"INTERMEDIATE","type":{"type":"object"},"value":"{}"},{"name":"originName","required":true,"isInput":true,"isOutput":false,"level":"INTERMEDIATE","type":{"type":"string"},"value":"\"\""},{"name":"defaultWindowSize","required":true,"isInput":true,"isOutput":false,"level":"INTERMEDIATE","type":{"type":"number"},"value":"0"}],"meta":{"workerGroup":"default","created":1764138345789,"lastUpdated":1764138483226,"description":"This flow will query Resilience API to fetch last assessment time and current time for a given profile,application and source system","layout":"flat","updatedByUsername":"ibmconcert","numberOfBlocks":3,"version":5},"finally":null}