{"name":"2 - dis_JMX_config_extract","platform":"node","hash":"IomJmOvPMJesfKotnj4cVaalzAkz4RjoOmkTl+/c5PM=","blocks":[{"action":"if","name":"If_tomcatIsFileBased","condition":"\"tomcat\" in $in_target.cred && \"fileBased\" in $in_target.cred.tomcat ? $in_target.cred.tomcat.fileBased : false","then":[{"action":"system/Common/Status Message Update","name":"status_collect_jmx","inputs":[{"name":"message","value":"$in_target.cred.target +\": collecting JMX cred\""}]},{"action":"if","name":"If_tomcat_creds_given","condition":"$in_target.cred.tomcat.fileBased","then":[{"action":"../../4 - Processing/OS_Workflows/util/tool_getTomcatCredentialsFromSystem","name":"flow_getTomcatCredentialsFromSystem","inputs":[{"name":"in_server_host","value":"$in_target.cred.target"},{"name":"in_server_authkey","value":"$in_target.cred.cred"},{"name":"in_ssh_port","value":"$in_target.cred.port"},{"name":"in_catalina_base","value":"$in_tomcat_process[0].catalina_base"}]},{"action":"assign","name":"Assign_tomcat_username","variable":"$t_username","value":"$flow_getTomcatCredentialsFromSystem.result.username"},{"action":"assign","name":"Assign_tomcat_password","variable":"$t_password","value":"$flow_getTomcatCredentialsFromSystem.result.password"}],"else":[{"action":"assign","name":"Assign_tomcat_username_given","variable":"$t_username","value":"$in_target.cred.tomcat.username"},{"action":"assign","name":"Assign_tomcat_password_given","variable":"$t_password","value":"$in_target.cred.tomcat.username"}]},{"action":"./2 - os_tomcat_get_jmx_port","name":"dis_JMX_Port","inputs":[{"name":"in_server_authKey","value":"$in_target.cred.cred"},{"name":"in_server_host","value":"$in_target.cred.target"},{"name":"in_tomcat_process","value":"$in_tomcat_process"},{"name":"in_ssh_port","value":"$in_target.cred.port"}]},{"action":"system/Common/SSH/SSH","name":"ssh_getHostname","inputs":[{"name":"authKey","value":"$in_target.cred.cred"},{"name":"command","value":"\"hostname\""},{"name":"host","value":"$in_target.cred.target"},{"name":"port","value":"$in_target.cred.port"}]},{"action":"assign","name":"Assign_t_tomcat_host_1","variable":"$t_tomcat_host","value":"($ssh_getHostname.result).split('\\n')[0]"},{"action":"if","name":"If_getCredentialsSuccess","condition":"$flow_getTomcatCredentialsFromSystem.success || !($in_target.cred.tomcat.fileBased)","then":[{"action":"assign","name":"asgn_user","variable":"$in_target.cred.tomcat.username","value":"$flow_getTomcatCredentialsFromSystem.result.username"},{"action":"assign","name":"asgn_password","value":"$flow_getTomcatCredentialsFromSystem.result.password","variable":"$in_target.cred.tomcat.password"},{"action":"system/Common/Status Message Update","name":"StatusMessageUpdate_3","inputs":[{"name":"message","value":"$in_target.cred.target +\": checking JMX access\""}]},{"action":"foreach","name":"ForEach_catalina_connector","list":"$dis_JMX_Port.result[0].catalina_connectors","blocks":[{"action":"../../1 - Prerequisites/pre_tomcat_jmx_access","name":"pre_jmx_check","inputs":[{"name":"in_server_host","value":"$in_target.cred.target"},{"name":"in_server_authkey","value":"$in_target.cred.cred"},{"name":"in_tomcat_user","value":"$flow_getTomcatCredentialsFromSystem.result.username"},{"name":"in_tomcat_password","value":"$flow_getTomcatCredentialsFromSystem.result.password"},{"name":"in_tomcat_port","value":"$ForEach_catalina_connector.item.port"},{"name":"in_ssh_port","value":"$in_target.cred.port"}]},{"action":"if","name":"If_jmx_sucess","condition":"$pre_jmx_check.success","then":[{"name":"Function_1","function":"$result = $in_target;\n$result.cred.tomcat.port = $ForEach_catalina_connector.item.port;\n$result.cred.tomcat.username = $flow_getTomcatCredentialsFromSystem.result.username;\n$result.cred.tomcat.password = $flow_getTomcatCredentialsFromSystem.result.password;\n$result.cred.tomcat.host = $t_tomcat_host"}],"else":[{"action":"assign","name":"Assign_4","variable":"$t_tomcat_host","value":"\"localhost\""},{"action":"../../1 - Prerequisites/pre_tomcat_jmx_access","name":"pre_jmx_check_localhost","inputs":[{"name":"in_server_host","value":"$in_target.cred.target"},{"name":"in_server_authkey","value":"$in_target.cred.cred"},{"name":"in_tomcat_user","value":"$flow_getTomcatCredentialsFromSystem.result.username"},{"name":"in_tomcat_password","value":"$flow_getTomcatCredentialsFromSystem.result.password"},{"name":"in_tomcat_port","value":"$ForEach_catalina_connector.item.port"},{"name":"in_ssh_port","value":"$in_target.cred.port"}]},{"action":"if","name":"If_jmx_sucess_1","condition":"$pre_jmx_check_localhost.success","then":[{"name":"Function_1_2","function":"$result = $in_target;\n$result.cred.tomcat.port = $ForEach_catalina_connector.item.port;\n$result.cred.tomcat.username = $flow_getTomcatCredentialsFromSystem.result.username;\n$result.cred.tomcat.password = $flow_getTomcatCredentialsFromSystem.result.password;\n$result.cred.tomcat.host = $t_tomcat_host"}],"else":[]}]}]}],"else":[{"action":"system/Common/Array/Array Push","name":"push_error","inputs":[{"name":"array","value":"$error"},{"name":"item","value":"$in_target.target + \": Failed to get tomcat user credentials with manager-jmx.\""}]}]}],"else":[{"action":"system/Common/SSH/SSH","name":"ssh_getHostname_1","inputs":[{"name":"authKey","value":"$in_target.cred.cred"},{"name":"command","value":"\"hostname\""},{"name":"host","value":"$in_target.cred.target"},{"name":"port","value":"$in_target.cred.port"}]},{"action":"assign","name":"Assign_t_tomcat_host","variable":"$t_tomcat_host","value":"($ssh_getHostname_1.result).split('\\n')[0]"},{"action":"../../1 - Prerequisites/pre_tomcat_jmx_access","name":"pre_jmx_check_nfileBased","inputs":[{"name":"in_server_host","value":"$in_target.cred.target"},{"name":"in_server_authkey","value":"$in_target.cred.cred"},{"name":"in_tomcat_user","value":"$in_target.cred.tomcat.username"},{"name":"in_tomcat_password","value":"$in_target.cred.tomcat.password"},{"name":"in_tomcat_port","value":"$in_target.cred.tomcat.port"},{"name":"in_ssh_port","value":"$in_target.cred.port"}]},{"action":"if","name":"If_jmx_sucess_fileBased","condition":"$pre_jmx_check_nfileBased.success","then":[{"name":"Function_1_1","function":"$result = $in_target;\n$result.cred.tomcat.host = $t_tomcat_host"}],"else":[{"action":"assign","name":"Assign_tomcat_host_localhost","variable":"$t_tomcat_host","value":"\"localhost\""},{"action":"../../1 - Prerequisites/pre_tomcat_jmx_access","name":"pre_jmx_check_nfileBased_localhost","inputs":[{"name":"in_server_host","value":"$in_target.cred.target"},{"name":"in_server_authkey","value":"$in_target.cred.cred"},{"name":"in_tomcat_user","value":"$in_target.cred.tomcat.username"},{"name":"in_tomcat_password","value":"$in_target.cred.tomcat.password"},{"name":"in_tomcat_port","value":"$in_target.cred.tomcat.port"},{"name":"in_ssh_port","value":"$in_target.cred.port"}]},{"action":"if","name":"If_jmx_sucess_fileBased_1","condition":"$pre_jmx_check_nfileBased_localhost.success","then":[{"name":"Function_1_1_1","function":"$result = $in_target;\n$result.cred.tomcat.host = $t_tomcat_host"}],"else":[{"action":"system/Common/Array/Array Concat","name":"ArrayConcat_error_1","inputs":[{"name":"array1","value":"$error"},{"name":"array2","value":"$pre_jmx_check_nfileBased.error"}]},{"action":"assign","name":"Assign_2_1","variable":"$error","value":"$ArrayConcat_error_1.result"}]}]}]}, {"action":"if","name":"If_1","condition":"$result != \"\"","then":[{"action":"assign","name":"Assign_1","variable":"$success","value":"true"}],"else":[]}],"variables":[{"name":"in_target","required":true,"isInput":true,"isOutput":false,"level":"INTERMEDIATE","type":{"type":"any"},"value":"{}"},{"name":"in_tomcat_process","required":true,"isInput":true,"isOutput":false,"level":"INTERMEDIATE","type":{"type":"array"},"value":"[]"},{"name":"result","required":false,"isInput":false,"isOutput":true,"level":"INTERMEDIATE","type":{"type":"any"},"value":"\"\""},{"name":"error","required":false,"isInput":false,"isOutput":true,"level":"INTERMEDIATE","type":{"type":"array"},"value":"[]"},{"name":"debug","required":false,"isInput":false,"isOutput":true,"level":"INTERMEDIATE","type":{"type":"array"},"value":"[]"},{"name":"success","required":false,"isInput":false,"isOutput":true,"level":"INTERMEDIATE","type":{"type":"boolean"},"value":"false"},{"name":"t_username","required":false,"isInput":false,"isOutput":false,"level":"INTERMEDIATE","type":{"type":"any"},"value":"\"\""},{"name":"t_password","required":false,"isInput":false,"isOutput":false,"level":"INTERMEDIATE","type":{"type":"any"},"value":"\"\""},{"name":"t_tomcat_host","required":false,"isInput":false,"isOutput":false,"level":"INTERMEDIATE","type":{"type":"string"},"value":"\"\""}],"meta":{"workerGroup":"default","layout":"flow","version":5,"lastUpdated":1761950500599,"updatedByUsername":"ibmconcert","numberOfBlocks":37},"finally":null}