{"name":"1 - pre_identification","platform":"node","hash":"uH685EhcJCks5kK8kNnxWlO+9z0pNFF2K2p0LWqIwUU=","blocks":[{"action":"system/Common/Status Message Update","name":"StatusMessageUpdate_1","inputs":[{"name":"message","value":"\"Collecting hosts data\""}]}, {"action":"./pre_format_check","name":"pre_format","inputs":[{"name":"in_user_inputs","value":"$in_targets"}]}, {"action":"assign","name":"clear_result","variable":"$result","value":"[]"}, {"action":"if","name":"if_before_ok","condition":"$pre_format.success","then":[{"action":"foreach","name":"for_target","list":"$pre_format.result.targets","blocks":[{"action":"if","name":"if_ssh_by_vault","condition":"$for_target.item.isConcertVault","then":[{"action":"system/Common/Status Message Update","name":"StatusMessageUpdate_2","inputs":[{"name":"message","value":"$for_target.item.target + \": Checking prerequisites\""}]},{"action":"./pre_commands","name":"pre_available","inputs":[{"name":"in_server_authkey","value":"$for_target.item.cred"},{"name":"in_server_host","value":"$for_target.item.target"},{"name":"in_ssh_port","value":"$for_target.item.port"},{"name":"in_OS_metrics","value":"$in_targets.options.OS_metrics"}]},{"action":"if","name":"If_1","condition":"$pre_available.success","then":[{"action":"system/Common/Array/Array Push","name":"ArrayPush_available","inputs":[{"name":"array","value":"$for_target.item.available"},{"name":"item","value":"$pre_available.result"}]}],"else":[{"action":"system/Common/Array/Array Push","name":"ArrayPush_error","inputs":[{"name":"array","value":"$error"},{"name":"item","value":"$pre_available.error"}]},{"action":"exit"}]},{"action":"assign","name":"reset_t_available","variable":"$t_available","value":"[]"},{"action":"foreach","name":"for_cmd","list":"$t_cmd_list","blocks":[{"action":"./pre_tool_extract_info","name":"ssh_extract","inputs":[{"name":"in_server_authkey","value":"$for_target.item.cred"},{"name":"in_is_concert_vault","value":"$for_target.item.isConcertVault"},{"name":"in_server_host","value":"$for_target.item.target"},{"name":"in_cmd","value":"$for_cmd.item.bin + \" \" + $for_cmd.item.arg"},{"name":"in_ssh_port","value":"$for_target.item.port"}]},{"action":"system/Common/Array/Array Push","name":"res","inputs":[{"name":"array","value":"$t_available"},{"name":"item","value":"{\n    \"cmd\": JSON.parse(JSON.stringify($for_cmd.item.alias)),\n    \"result\": $ssh_extract.result\n}"}]}]},{"action":"system/Common/Status Message Update","name":"StatusMessageUpdate_3","inputs":[{"name":"message","value":"\"TBR-t_available -> os format\""}]},{"name":"restructure_result","function":"$result = $result.map(item => {\n    for (const entry of item.cmd) {\n        $t_os[entry.cmd] = entry.result;\n    }\n\n    const {\n        cmd,\n        ...rest\n    } = item;\n\n    return {\n        ...rest,\n        $t_os\n    };\n})","skipped":true},{"action":"system/Common/Array/Array Push","name":"res_total","inputs":[{"name":"array","value":"$result"},{"name":"item","value":"{\n    \"target\": $for_target.item.target,\n    \"cmd\": JSON.parse(JSON.stringify($t_available)),\n    \"available\": $pre_available.result,\n    \"cred\": $for_target.item\n}"}],"breakpoint":"enabled"}],"else":[]}]},{"name":"fun_target_def","function":"$result.forEach(obj => {\n  if (!obj.target) {\n    if (obj.os?.fqdn?.[0]) {\n      obj.target = obj.os.fqdn[0];\n    } else if (obj.os?.uname?.[1]) {\n      obj.target = obj.os.uname[1];\n    }\n  }\n});\n","skipped":true},{"action":"assign","name":"is_success","variable":"$success","value":"$result.length > 0"}],"else":[{"action":"assign","name":"assign_error","variable":"$error","value":"$pre_format.error"}]}, {"action":"comment","value":"/ / Checking for valid profile and Testing API Key"}, {"action":"try","name":"Try_2","try":[{"action":"../5 - Upload to concert/get_all_profiles","name":"get_profiles","inputs":[{"name":"in_auth_key","value":"$pre_format.result.concertConf.concert_auth_key"}]},{"action":"if","name":"If_error","condition":"$get_profiles.error.length > 0","then":[{"action":"throw","error":"$get_profiles.error"}],"else":[]},{"action":"foreach","name":"ForEach_profile","list":"$get_profiles.result","blocks":[{"action":"if","name":"If_custom_profile","condition":"$ForEach_profile.item.name == $pre_format.result.profile && $pre_format.result.profile != $t_default_profile","then":[{"action":"assign","name":"Assign_3","variable":"$t_create_profile","value":"false"}],"else":[{"action":"if","name":"If_tcat_profile","condition":"$ForEach_profile.item.name == $t_default_profile","then":[{"action":"assign","name":"Assign_profile_id","variable":"$t_tcat_profile_id","value":"$ForEach_profile.item.id"}],"else":[]}]}]},{"action":"if","name":"If_no_tcat_or_custom_profile","condition":"$t_tcat_profile_id == \"\" && $t_create_profile","then":[{"action":"system/Common/Array/Array Push","name":"Add_profile_error","inputs":[{"name":"array","value":"$error"},{"name":"item","value":"$t_default_profile + \" profile and provided profile do not exist. Please create \" + $t_default_profile + \" profile or provide a profile using the Java Runtime Library\""}]},{"action":"assign","name":"Assign_no_profiles","variable":"$success","value":"false"}],"else":[]}],"catch":[{"action":"assign","name":"Assign_api_key_ko","variable":"$success","value":"false"},{"action":"system/Common/Array/Array Push","name":"Add_error","inputs":[{"name":"array","value":"$error"},{"name":"item","value":"\"Concert Api Key: \" + $in_targets.concertConf.concert_auth_key + \" not working\""}]}]}, {"action":"assign","name":"Assign_app_name","variable":"$result","value":"{\n    \"app_name\": $pre_format.result.appName,\n    \"version\": $pre_format.result.version,\n    \"ignoredApps\": $pre_format.result.ignoredApps,\n    \"environment\": $pre_format.result.environment,\n    \"deploy_number\": $pre_format.result.deploy_number,\n    \"profile\": $pre_format.result.profile,\n    \"options\": $pre_format.result.options,\n    \"concertConf\": $pre_format.result.concertConf,\n    \"assessment_period\": $pre_format.result.assessment_period,\n    \"targets\": $result,\n\n    \"profile_creation\": {\n        \"create_profile\": $t_create_profile && $t_tcat_profile_id !== \"\",\n        \"tomcat_profile_id\": $t_tcat_profile_id\n    }\n}"}, {"action":"assign","name":"CyclonDx_deactivated","variable":"$result.options.gen_cycloneDX","value":"false"}],"variables":[{"name":"in_targets","required":true,"isInput":true,"isOutput":false,"level":"INTERMEDIATE","type":{"type":"object"},"value":"{\n    \"appName\": \"test\",\n    \"version\": \"1.0.0\",\n    \"ignoredApps\": [\"\"],\n    \"environment\": \"Production\",\n    \"profile\": \"test - Tomcat Applications\",\n    \"deploy_number\": \"1\",\n    \"assessment_period\": \"latest\",\n\n    \"options\": {\n        \"OS_metrics\": false,\n        \"gen_appSbom\": true,\n        \"gen_cycloneDX\": false,\n        \"application_criticality\": \"5\",\n        \"application_impact_risk\": \"5\"\n    },\n    \"concertConf\": {\n        \"concert_auth_key\": \"ibmconcert/concert_auth\"\n    },\n    \"targets\": [{\n        \"target\": \"svl-visa-virtualis1.fyre.ibm.com\",\n        \"cred\": \"ibmconcert/ubuntu_service_account\",\n        \"isConcertVault\": true,\n\n        \"tomcat\": {\n            \"fileBased\": true\n        }\n    }]\n}"},{"name":"result","required":false,"isInput":false,"isOutput":true,"level":"INTERMEDIATE","type":{"type":"array"},"value":"[]"},{"name":"debug","required":false,"isInput":false,"isOutput":true,"level":"INTERMEDIATE","type":{"type":"string"},"value":"\"\""},{"name":"success","required":false,"isInput":false,"isOutput":true,"level":"INTERMEDIATE","type":{"type":"boolean"},"value":"false"},{"name":"error","required":false,"isInput":false,"isOutput":true,"level":"INTERMEDIATE","type":{"type":"array"},"value":"[]"},{"name":"t_cmd_list","required":false,"isInput":false,"isOutput":false,"level":"INTERMEDIATE","type":{"type":"array"},"value":"[{\n    \"bin\": \"uname\",\n    \"arg\": \"-srmn\",\n    \"alias\": \"uname\"\n}, {\n    \"bin\": \"whoami\",\n    \"arg\": \"\",\n    \"alias\": \"whoami\"\n}, {\n    \"bin\": \"ip\",\n    \"arg\": \"a | grep inet | grep -v inet6 | awk '{print $2}' | cut -d/ -f1\",\n    \"alias\": \"ip\"\n}, {\n    \"bin\": \"grep\",\n    \"arg\": \"-E '^(PRETTY_NAME|NAME|VERSION_ID)=' /etc/os-release | cut -d= -f2-\",\n    \"alias\": \"Os name\"\n}, {\n    \"bin\": \"hostname\",\n    \"arg\": \"-f\",\n    \"alias\": \"fqdn\"\n}]"},{"name":"t_available","required":false,"isInput":false,"isOutput":false,"level":"INTERMEDIATE","type":{"type":"array"},"value":"[]"},{"name":"t_create_profile","required":false,"isInput":false,"isOutput":false,"level":"INTERMEDIATE","type":{"type":"boolean"},"value":"true"},{"name":"t_tcat_profile_id","required":false,"isInput":false,"isOutput":false,"level":"INTERMEDIATE","type":{"type":"string"},"value":"\"\""},{"name":"t_tcat_profile_name","required":false,"isInput":false,"isOutput":false,"level":"INTERMEDIATE","type":{"type":"string"},"value":"\"\""},{"name":"t_default_profile","required":false,"isInput":false,"isOutput":false,"level":"INTERMEDIATE","type":{"type":"string"},"value":"\"java_profile\""},{"name":"t_os","required":false,"isInput":false,"isOutput":false,"level":"INTERMEDIATE","type":{"type":"object"},"value":"{}"}],"meta":{"workerGroup":"default","created":1756865505646,"lastUpdated":1757697663650,"layout":"flow","updatedByUsername":"ibmconcert","numberOfBlocks":39,"version":5},"finally":null}