{"name":"Ingest JSON Certificates Data into IBM Concert","platform":"node","hash":"w2dLdIrdXQeXrCODMmAMwrptftvDuVR6myZgCAMmVmg=","blocks":[{"action":"system/IBM/Concert/Import Data/Upload Files to Concert","name":"uploadFile","inputs":[{"name":"authKey","value":"$auth"},{"name":"file","value":"{\n    \"data_type\": $data_type,\n    \"filename\": $json\n}"},{"name":"fileType","value":"\"json\""}]}, {"action":"assign","name":"Assign_1","variable":"$result","value":"$uploadFile.result","breakpoint":"enabled"}],"variables":[{"name":"auth","required":true,"isInput":true,"isOutput":false,"level":"INTERMEDIATE","type":{"type":"string"},"value":"\"\"","meta":{"authType":"ANY","subType":"authentication"}},{"name":"json","required":true,"isInput":true,"isOutput":false,"level":"INTERMEDIATE","type":{"type":"string"},"value":"\"\""},{"name":"data_type","required":true,"isInput":true,"isOutput":false,"level":"INTERMEDIATE","type":{"type":"string"},"value":"\"certificate\""},{"name":"result","required":false,"isInput":false,"isOutput":true,"level":"INTERMEDIATE","type":{"type":"any"},"value":"\"\""}],"meta":{"workerGroup":"default","created":1761151583003,"lastUpdated":1761151583003,"description":"Ingest certificates data into IBM Concert","layout":"flow","updatedByUsername":"ibmconcert","numberOfBlocks":2,"version":5},"finally":null}