{"name":"Aws_EC2_Metrics_Extraction_WF","platform":"node","hash":"DyLAAPbDxaPTBuGXwIu6sE70vRopuo+lNruiUba8T70=","blocks":[{"action":"comment","value":"Inputs validation\n"}, {"name":"Function_2","function":"const missingFields = [];\n\n// New checks based on your screenshot\nif (!$aws_auth) missingFields.push(\"aws_auth\");\nif (!$aws_region) missingFields.push(\"aws_region\");\nif (!(($Instance_Id_list).length>0)) missingFields.push(\"Instance_Id_list\");\nif (!$namespace) missingFields.push(\"namespace\");\n\nif (missingFields.length > 0) {\n  throw new Error(\n    `400 Bad Request: Missing required input field(s): ${missingFields.join(\", \")}`\n  );\n}\n"}, {"action":"system/Common/DateTime/Timestamp Now","name":"end_time"}, {"action":"system/Common/DateTime/Timestamp Subtract","name":"start_time","inputs":[{"name":"unit","value":"\"seconds\""},{"name":"amount","value":"$defaultWindowSize"}]}, {"action":"comment","value":"assessment period"}, {"name":"Function_1","function":"if ($startTimestamp > 0 && $endTimestamp>0){\n\n    const diifSeconds = $endTimestamp - $startTimestamp\n    $period = Math.max(60, Math.floor(diifSeconds / 60) * 60); // nearest multiple of 60\n}\nelse{\n    const diifSeconds = $end_time.result - $start_time.result\n    $period = Math.max(60, Math.floor(diifSeconds / 60) * 60); // nearest multiple of 60\n}"}, {"action":"comment","value":"iterate through each instance"}, {"action":"foreach","name":"ForEach_Instance","list":"$Instance_Id_list","blocks":[{"action":"comment","value":"listing the metrices per namespace and instance"},{"action":"system/AWS/cloudwatch/List Metrics","name":"List_metrices","inputs":[{"name":"authKey","value":"$aws_auth"},{"name":"region","value":"$aws_region"},{"name":"body","value":"{\n    \"Dimensions\": [{\n        \"Name\": \"InstanceId\",\n        \"Value\": $ForEach_Instance.item\n    }],\n    \"Namespace\": $namespace\n}"}]},{"action":"comment","value":"transforms the metrics data"},{"name":"Function_3","function":"// function transformMetrics(response, instanceId) {\n//   if (!response?.Metrics) return {};\n\n//   return response.Metrics\n//     .filter(metric =>\n//       metric.Dimensions.some(\n//         d => d.Name === \"InstanceId\" && d.Value === instanceId\n//       )\n//     )\n//     .reduce((acc, metric) => {\n//       if (!acc[metric.MetricName]) {\n//         acc[metric.MetricName] = [];\n//       }\n//       acc[metric.MetricName].push({\n//         MetricName: metric.MetricName,\n//         Namespace: metric.Namespace,\n//         Dimensions: metric.Dimensions\n//       });\n//       return acc;\n//     }, {});\n// }\n\n\nfunction transformMetrics(response) {\n  if (!response?.Metrics) return {};\n\n  return response.Metrics.reduce((acc, metric) => {\n    if (!acc[metric.MetricName]) {\n      acc[metric.MetricName] = [];\n    }\n    acc[metric.MetricName].push({\n      MetricName: metric.MetricName,\n      Namespace: metric.Namespace,\n      Dimensions: metric.Dimensions\n    });\n    return acc;\n  }, {});\n}\n$transformed_object= transformMetrics($List_metrices.result)"},{"action":"foreach","name":"ForEach_metric","list":"$MetricStatUnitList","blocks":[{"action":"comment","value":"creating metric query"},{"name":"Function_5","function":"\nconst var_metric_name = $ForEach_metric.item.metric_name\n\nif (var_metric_name=='tmp_disk_used') {\n    $metric_query = $transformed_object.disk_used?.find(metric =>metric.Dimensions.some(d => d.Name === \"path\" && d.Value === \"/tmp\")) || {\"MetricName\": var_metric_name, \"Namespace\":$namespace}\n}\nelse if (var_metric_name=='disk_used'){\n    $metric_query = $transformed_object.disk_used?.find(metric =>metric.Dimensions.some(d => d.Name === \"path\" && d.Value === \"/\")) || {\"MetricName\": var_metric_name, \"Namespace\":$namespace}\n}\nelse if (var_metric_name=='tmp_disk_free'){\n    $metric_query = $transformed_object.disk_free?.find(metric =>metric.Dimensions.some(d => d.Name === \"path\" && d.Value === \"/tmp\")) || {\"MetricName\": var_metric_name, \"Namespace\":$namespace}\n}\nelse if (var_metric_name=='disk_free'){\n    $metric_query = $transformed_object.disk_free?.find(metric =>metric.Dimensions.some(d => d.Name === \"path\" && d.Value === \"/\")) || {\"MetricName\": var_metric_name, \"Namespace\":$namespace}\n}\nelse{\n    $metric_query =  $transformed_object[var_metric_name]?.length > 0 ? $transformed_object[var_metric_name][0] : {\"MetricName\": var_metric_name, \"Namespace\":$namespace}\n}"},{"action":"comment","value":"collecting metric values"},{"action":"system/AWS/cloudwatch/Get Metric Data","name":"collect_metrices","inputs":[{"name":"authKey","value":"$aws_auth"},{"name":"region","value":"$aws_region"},{"name":"body","value":"{\n    \"ScanBy\": \"TimestampDescending\",\n\n    \"MetricDataQueries\": [{\n        \"Id\": $ForEach_metric.item.metric_name.toLowerCase(),\n\n        \"MetricStat\": {\n            \"Metric\": $metric_query,\n            \"Period\": $period,\n            \"Stat\": $ForEach_metric.item.State,\n            \"Unit\": $ForEach_metric.item.Unit\n        },\n        \"ReturnData\": true\n    }],\n    \"StartTime\": $start_time.result,\n    \"EndTime\": $end_time.result\n}"}]},{"action":"comment","value":"pushing the metrics to array"},{"action":"system/Common/Array/Array Push","name":"ArrayPush_metrics","inputs":[{"name":"array","value":"$metrics_summary.summary"},{"name":"item","value":"$collect_metrices.result"}]}]},{"action":"comment","value":"summary Per Instance"},{"name":"Function_4_1","function":"function transformCloudWatchResponse(dataArray, instanceId) {\n    if (!Array.isArray(dataArray)) {\n        return {\n            [instanceId]: {}\n        };\n    }\n\n    const metrics = {};\n\n    dataArray.forEach(entry => {\n        if (entry.MetricDataResults && entry.MetricDataResults.length > 0) {\n            const metric = entry.MetricDataResults[0];\n            const id = metric.Id;\n            const value = (metric.Values && metric.Values.length > 0) ? metric.Values[0] : null;\n            metrics[id] = value;\n        }\n    });\n\n    return {\n        [instanceId]: metrics\n    };\n};\n\n$instance_summary = transformCloudWatchResponse($metrics_summary.summary, $ForEach_Instance.item)"},{"action":"system/Common/Array/Array Push","name":"ArrayPush_summary","inputs":[{"name":"array","value":"$instance_metrics.data"},{"name":"item","value":"$instance_summary"}]}]}, {"action":"comment","value":"emitting the json"}, {"action":"assign","name":"summary","variable":"$result","value":"$instance_metrics"}],"variables":[{"name":"result","required":false,"isInput":false,"isOutput":true,"level":"INTERMEDIATE","type":{"type":"object"},"value":"{}"},{"name":"aws_auth","required":false,"isInput":true,"isOutput":false,"level":"INTERMEDIATE","type":{"type":"string"},"value":"\"\""},{"name":"aws_region","required":false,"isInput":true,"isOutput":false,"level":"INTERMEDIATE","type":{"type":"string"},"value":"\"\""},{"name":"period","required":false,"isInput":false,"isOutput":false,"level":"INTERMEDIATE","type":{"type":"number"},"value":"0"},{"name":"namespace","required":false,"isInput":true,"isOutput":false,"level":"INTERMEDIATE","type":{"type":"string"},"value":"\"\""},{"name":"Instance_Id_list","required":false,"isInput":true,"isOutput":false,"level":"INTERMEDIATE","type":{"type":"array"},"value":"[]"},{"name":"transformed_object","required":false,"isInput":false,"isOutput":false,"level":"INTERMEDIATE","type":{"type":"object"},"value":"{}"},{"name":"metrics_summary","required":false,"isInput":false,"isOutput":false,"level":"INTERMEDIATE","type":{"type":"object"},"value":"{\n    \"summary\": []\n}"},{"name":"instance_summary","required":false,"isInput":false,"isOutput":false,"level":"INTERMEDIATE","type":{"type":"object"},"value":"{}"},{"name":"MetricStatUnitList","required":false,"isInput":false,"isOutput":false,"level":"INTERMEDIATE","type":{"type":"array"},"value":"[{\n    \"metric_name\": \"CPUUtilization\",\n    \"State\": \"Average\",\n    \"Unit\": \"Percent\"\n}, {\n    \"metric_name\": \"mem_used_percent\",\n    \"State\": \"Average\",\n    \"Unit\": \"Percent\"\n}, {\n    \"metric_name\": \"NetworkOut\",\n    \"State\": \"Average\",\n    \"Unit\": \"Bytes\"\n}, {\n    \"metric_name\": \"swap_used\",\n    \"State\": \"Average\",\n    \"Unit\": \"Bytes\"\n}, {\n    \"metric_name\": \"swap_free\",\n    \"State\": \"Average\",\n    \"Unit\": \"Bytes\"\n}, {\n    \"metric_name\": \"disk_free\",\n    \"State\": \"Average\",\n    \"Unit\": \"Bytes\"\n}, {\n    \"metric_name\": \"disk_used\",\n    \"State\": \"Average\",\n    \"Unit\": \"Bytes\"\n}, {\n    \"metric_name\": \"tmp_disk_used\",\n    \"State\": \"Average\",\n    \"Unit\": \"Bytes\"\n}, {\n    \"metric_name\": \"tmp_disk_free\",\n    \"State\": \"Average\",\n    \"Unit\": \"Bytes\"\n}, {\n    \"metric_name\": \"netstat_tcp_established\",\n    \"State\": \"Maximum\",\n    \"Unit\": \"Count\"\n}, {\n    \"metric_name\": \"num_pending_update_across_hosts\",\n    \"State\": \"Maximum\",\n    \"Unit\": \"Count\"\n}, {\n    \"metric_name\": \"cpu_usage_system\",\n    \"State\": \"Average\",\n    \"Unit\": \"Percent\"\n}, {\n    \"metric_name\": \"cpu_usage_user\",\n    \"State\": \"Average\",\n    \"Unit\": \"Percent\"\n}, {\n    \"metric_name\": \"cpu_usage_idle\",\n    \"State\": \"Average\",\n    \"Unit\": \"Percent\"\n}, {\n    \"metric_name\": \"NetworkIn\",\n    \"State\": \"Average\",\n    \"Unit\": \"Bytes\"\n}, {\n    \"metric_name\": \"CPUUtilization\",\n    \"State\": \"Average\",\n    \"Unit\": \"Percent\"\n}, {\n    \"metric_name\": \"StatusCheckFailed_Instance\",\n    \"State\": \"Maximum\",\n    \"Unit\": \"Count\"\n}, {\n    \"metric_name\": \"StatusCheckFailed_System\",\n    \"State\": \"Maximum\",\n    \"Unit\": \"Count\"\n}, {\n    \"metric_name\": \"StatusCheckFailed\",\n    \"State\": \"Maximum\",\n    \"Unit\": \"Count\"\n}, {\n    \"metric_name\": \"filesystem_error\",\n    \"State\": \"Maximum\",\n    \"Unit\": \"Count\"\n}, {\n    \"metric_name\": \"firewall_active\",\n    \"State\": \"Maximum\",\n    \"Unit\": \"Count\"\n}, {\n    \"metric_name\": \"num_disabled_unnecessary_services\",\n    \"State\": \"Maximum\",\n    \"Unit\": \"Count\"\n}, {\n    \"metric_name\": \"num_non_https_ports\",\n    \"State\": \"Maximum\",\n    \"Unit\": \"Count\"\n}]"},{"name":"metric_query","required":false,"isInput":false,"isOutput":false,"level":"INTERMEDIATE","type":{"type":"object"},"value":"{}"},{"name":"instance_metrics","required":false,"isInput":false,"isOutput":false,"level":"INTERMEDIATE","type":{"type":"object"},"value":"{\n    \"data\": []\n}"},{"name":"defaultWindowSize","required":false,"isInput":true,"isOutput":false,"level":"INTERMEDIATE","type":{"type":"number"},"value":"30000"},{"name":"startTimestamp","required":false,"isInput":true,"isOutput":false,"level":"INTERMEDIATE","type":{"type":"number"},"value":"\"\""},{"name":"endTimestamp","required":false,"isInput":true,"isOutput":false,"level":"INTERMEDIATE","type":{"type":"number"},"value":"\"\""}],"meta":{"workerGroup":"default","created":1757601583890,"lastUpdated":1757601824158,"description":"This workflow collects all required metrics from AWS CloudWatch and outputs the raw metrics for each instance. It includes metrics gathered by the CloudWatch agent, along with custom metrics and default metrics from the namespace.","layout":"flow","updatedByUsername":"ibmconcert","numberOfBlocks":24,"version":5},"finally":null}