{"name":"Create a JSON of IBMCloud Secrets manager Certificate","platform":"node","hash":"mC4Ajl8VKOLvdioVaZ/R4fqR4b2PwhtQScB7lHuosRM=","blocks":[{"action":"system/Common/Status Message Update","name":"StatusMessageUpdate_Checking_Metadata","inputs":[{"name":"message","value":"\"Checking metadata...\""}]}, {"action":"assign","name":"assignEnvname","variable":"$result.dependencies[0].ref","value":"\"environment:\" + $env_name"}, {"action":"comment","value":"Iterate through each cert"}, {"action":"foreach","name":"foreachCertificates","list":"$certificates","blocks":[{"action":"system/Common/Status Message Update","name":"StatusMessageUpdate_Checking_Metadata_1","inputs":[{"name":"message","value":"\"Converting certificate \"+$foreachCertificates.index+\" out of \"+$foreachCertificates.count+\"...\""}]},{"action":"comment","value":"Check if the source is ibm_sm"},{"action":"switch","name":"checkCertificateDiscoveryType","expression":"$foreachCertificates.item.metadata.service","cases":[{"value":"\"ibm_sm\"","blocks":[{"action":"comment","value":"if certificate is ibm_sm"},{"action":"comment","value":"Character hash secret_id → api_server, and secret_group_id → namespace.\n\n"},{"name":"Function_1","function":"function strongHash(str) {\n    let hash1 = 0, hash2 = 0;\n\n    for (let i = 0; i < str.length; i++) {\n        const char = str.charCodeAt(i);\n        hash1 = (hash1 << 5) - hash1 + char;\n        hash2 = (hash2 << 7) - hash2 + char;\n        hash1 |= 0;\n        hash2 |= 0;\n    }\n\n    const combined = (Math.abs(hash1).toString(16) + Math.abs(hash2).toString(16)).padStart(16, \"0\");\n    return combined.slice(0, 12);\n};\n\nconst secretId = $foreachCertificates.item.metadata.secret_id;\nconst secret_group_id = $foreachCertificates.item.metadata.secret_group_id;\n$api_server = strongHash(secretId);\n$namespace = secret_group_id !== \"default\" ? strongHash(secret_group_id) : secret_group_id"},{"action":"comment","value":"Assigning metadata"},{"action":"assign","name":"assignIbmSM","value":"{\n    \"secret_id\": $foreachCertificates.item.metadata.secret_id,\n    \"secret_type\": $foreachCertificates.item.metadata.secret_type,\n    \"api_server\": $api_server,\n    \"source\": \"ibm_sm\"\n}","variable":"$tempRnaMetadata"}]}],"default":[{"action":"comment","value":"If certificate is not managed by ibm_sm"}]},{"name":"utcDT","function":"const validFrom = $foreachCertificates.item.validFrom ? $foreachCertificates.item.validFrom : null;\nconst validTo = $foreachCertificates.item.validTo ? $foreachCertificates.item.validTo : null;\n\n$tempUtc = [convertDateToUTC(validFrom), convertDateToUTC(validTo)];\n\nfunction convertDateToUTC(dateString){\n    if(!dateString){\n        return null;\n    }\n    const dt = new Date(dateString);\n    const year = dt.getUTCFullYear();\n    const month = String(dt.getUTCMonth() + 1).padStart(2, '0');\n    const day = String(dt.getUTCDate()).padStart(2, '0');\n    const hours = String(dt.getUTCHours()).padStart(2, '0');\n    const minutes = String(dt.getUTCMinutes()).padStart(2, '0');\n    const seconds = String(dt.getUTCSeconds()).padStart(2, '0');\n\n    return `${year}-${month}-${day} ${hours}:${minutes}:${seconds} +0000 UTC`\n}"},{"action":"comment","value":"preparing json"},{"action":"system/Common/Array/Array Push","name":"fillSBOMData","inputs":[{"name":"array","value":"$result.components"},{"name":"item","value":"{\n    \"type\": \"certificate\",\n\n    \"ref\": String(\n        \"certificate:\" + ($foreachCertificates.item.serialNumber ? $foreachCertificates.item.serialNumber : \"\")\n    ),\n    \"serial_number\": $foreachCertificates.item.serialNumber ? $foreachCertificates.item.serialNumber : \"\",\n\n    \"properties\": [{\n        \"name\": \"subject\",\n        \"value\": $foreachCertificates.item.subject ? $foreachCertificates.item.subject : \"\"\n    }, {\n        \"name\": \"issuer\",\n        \"value\": $foreachCertificates.item.issuer ? $foreachCertificates.item.issuer : \"\"\n    }, {\n        \"name\": \"validity_start_date\",\n        \"value\": $tempUtc[0]\n    }, {\n        \"name\": \"validity_end_date\",\n        \"value\": $tempUtc[1]\n    }, {\n        \"name\": \"dns_names\",\n        \"value\": $foreachCertificates.item.subjectAltName ? \"\\\"\" + $foreachCertificates.item.subjectAltName + \"\\\"\" : \"\"\n    }, {\n        \"name\": \"metadata\",\n        \"value\": JSON.stringify($tempRnaMetadata)\n    }, {\n        \"name\": \"namespace\",\n        \"value\": $namespace\n    }]\n}"}]},{"action":"system/Common/Array/Array Push","name":"addDependency","inputs":[{"name":"array","value":"$result.dependencies[0].depends_on"},{"name":"item","value":"String(\"certificate:\" + ($foreachCertificates.item.serialNumber ? $foreachCertificates.item.serialNumber : \"\"))"}]}]}, {"name":"cleanResult","function":"$result = cleanObject($result);\n\nfunction cleanObject(obj) {\n    if (Array.isArray(obj)) {\n        return obj.map(cleanObject).filter(item => !isEmpty(item));\n    } else if (typeof obj === \"object\" && obj !== null) {\n        let cleanedObject = {};\n\n        for (let key in obj) {\n            let cleanedValue = cleanObject(obj[key]);\n\n            if (!isEmpty(cleanedValue)) {\n                cleanedObject[key] = cleanedValue;\n            }\n        }\n\n        return cleanedObject;\n    }\n\n    return obj;\n}\n\nfunction isEmpty(value) {\n    if (value === \"\" || (Array.isArray(value) && value.length === 0) || (typeof value === \"object\" && value !== null && Object.keys(value).length == 0)) {\n        return true;\n    }\n\n    if (typeof value === \"object\" && value !== null) {\n        if (value.name && !value.value) {\n            return true;\n        }\n    }\n\n    return false;\n}"}],"variables":[{"name":"certificates","required":true,"isInput":true,"isOutput":false,"level":"INTERMEDIATE","type":{"type":"array"},"value":"[]"},{"name":"service_auth","required":false,"isInput":true,"isOutput":false,"level":"INTERMEDIATE","type":{"type":"string"},"value":"\"\""},{"name":"tempUtc","required":false,"isInput":false,"isOutput":false,"level":"INTERMEDIATE","type":{"type":"array"},"value":"[]"},{"name":"tempRnaMetadata","required":false,"isInput":false,"isOutput":false,"level":"INTERMEDIATE","type":{"type":"object"},"value":"{}"},{"name":"result","required":false,"isInput":false,"isOutput":true,"level":"INTERMEDIATE","type":{"type":"object"},"value":"{\n    \"components\": [],\n\n    \"dependencies\": [{\n        \"ref\": \"\",\n        \"depends_on\": []\n    }]\n}"},{"name":"env_name","required":true,"isInput":true,"isOutput":false,"level":"INTERMEDIATE","type":{"type":"string"},"value":"\"\""},{"name":"namespace","required":false,"isInput":false,"isOutput":false,"level":"INTERMEDIATE","type":{"type":"string"},"value":"\"\""},{"name":"api_server","required":false,"isInput":false,"isOutput":false,"level":"INTERMEDIATE","type":{"type":"string"},"value":"\"\""}],"meta":{"workerGroup":"default","created":1752745773520,"lastUpdated":1752747136959,"description":"Creates a JSON of IBMCloud Secrets manager Certificate, while converting timestamp from GMT to UTC","layout":"flow","updatedByUsername":"ibmconcert","numberOfBlocks":19,"version":5},"finally":null}