{"name":"trivy-github-scan","platform":"node","hash":"Mi/u6k7u7ug5ZdblssTjL/cpQmi11WaubAXq3MI5avQ=","blocks":[{"action":"system/FaaS/Python","name":"trivy_scan","inputs":[{"name":"code","value":"`\"\"\"\nScript to scan the vulnerabilities of a GitHub repository using Trivy<\n\nThis script uses subprocess.run() to execute several commands, never use \"shell=True\" on user-provided input!!\n\nInput parameters (variables injected by workflow):\n- gh_repo_url:            [required, string]  URL to the repository to be scanned\n- gh_api_token:           [optional, string]  Github token with repo read permissions (neeed if repo is private)\n- concert_url:            [required, string]  URL of the concert API Gateway\n- concert_api_key:        [required, string]  API Key to be used to authenticate to Concert\n- concert_instance_id:    [required, string]  Instance ID to which the report will be uploaded\n- concert_allow_insecure: [optional, boolean] Indicates if TLS should be enforced when pushing to concert\n\"\"\"\n\nfrom json import dumps as json_dumps\nfrom os import environ\nfrom subprocess import run, DEVNULL, PIPE\nfrom sys import exit as sys_exit\nfrom time import sleep\nfrom urllib.parse import urljoin\n\ndef obfuscate(input_str):\n    \"\"\"Convert input on obfuscated strings, useful to avoid leaking credentials\"\"\"\n    if len(input_str) <= 8:\n        return \"*\" * len(input_str)\n    return input_str[0:4] + (\"*\" * (len(input_str) - 4))\n\ndef decode_utf8(input_bytes):\n    \"\"\"Utility function to convert the output of command executions to printable strings\"\"\"\n    if input_bytes:\n        return input_bytes.decode(\"utf-8\").strip()\n    return \"\"\n\nprint(\"Input parameters\")\nprint(\"=\" * 100)\nprint(\"gh_repo_url            :\", gh_repo_url)\nprint(\"gh_api_token           :\", obfuscate(gh_api_token))\nprint(\"concert_url            :\", concert_url)\nprint(\"concert_api_key        :\", obfuscate(concert_api_key))\nprint(\"concert_instance_id    :\", concert_instance_id)\nprint(\"concert_allow_insecure :\", concert_allow_insecure)\nprint(\"=\" * 100)\n\n# Install curl using apk (Python FaaS image is alpine-based)\napk_command = [\"apk\", \"add\", \"curl\"]\ntry:\n    run(apk_command, check=True, stdout=DEVNULL, stderr=DEVNULL)\n    print(\"Curl succesfully installed\")\nexcept Exception as e:\n    print(\"ERROR - Could not install curl:\", e)\n    sys_exit(1)\n\n# Install trivy\ntrivy_installer_url = \"https://raw.githubusercontent.com/aquasecurity/trivy/main/contrib/install.sh\"\ntrivy_version = \"v0.56.2\"\ninstall_trivy_command = f\"curl -sfL {trivy_installer_url} | sh -s -- -b /usr/local/bin {trivy_version}\"\ntry:\n    run(install_trivy_command, shell=True, check=True, stdout=DEVNULL, stderr=DEVNULL)\n    print(\"Trivy succesfully installed\")\nexcept Exception as e:\n    print(\"ERROR - Could not install trivy:\", e)\n    sys_exit(1)\n\n# Perform scan\nif gh_api_token:\n    environ[\"GITHUB_TOKEN\"] = gh_api_token\nscan_output_file = \"scan.json\"\nscan_command = [\"trivy\", \"repo\", \"--scanners\", \"vuln\", \"--format\", \"cyclonedx\", \"--output\", scan_output_file, gh_repo_url]\n# Scans sometimes fail because downloading vulnerability DB from GHCR is rate-limited\nattempt = 1\nmax_attempts = 10\nwhile True:\n    scan_result = run(scan_command, check=False, stdout=PIPE, stderr=PIPE)\n    if scan_result.returncode == 0:\n        print(\"Trivy scan completed\")\n        break\n    if attempt <= max_attempts:\n        print(f\"Scan attempt [{attempt}/{max_attempts}] failed, this can be a temporary issue downloading vulnerability DB\")\n        attempt += 1\n        sleep(3)\n    else:\n        print(f\"ERROR - Could not perform trivy scan after {max_attempts} attempts, last execution output below\")\n        print(\"stdout:\", decode_utf8(scan_result.stdout))\n        print(\"stderr:\", decode_utf8(scan_result.stderr))\n        sys_exit(1)\n\n# Push scan result to concert\nupload_files_url = urljoin(concert_url, \"/ingestion/api/v1/upload_files\")\nheaders = [\n    \"Content-Type: multipart/form-data\",\n    f\"Authorization: C_API_KEY {concert_api_key}\",\n    f\"InstanceId: {concert_instance_id}\"\n]\nmetadata_json = json_dumps({\"repo_url\": gh_repo_url, \"scanner_name\": \"trivy\"})\nforms = [\n    \"data_type=code_scan\",\n    f\"filename=@{scan_output_file}\",\n    f\"metadata={metadata_json}\"\n]\n\nupload_command = [\"curl\", \"--fail\", \"--silent\", \"--show-error\", \"--request\", \"POST\"]\nupload_command.extend([\"--url\", upload_files_url])\nfor header in headers:\n    upload_command.extend([\"--header\", header])\nfor form in forms:\n    upload_command.extend([\"--form\", form])\nif concert_allow_insecure:\n    upload_command.append(\"--insecure\")\n\nupload_result = run(upload_command, check=False, stdout=PIPE, stderr=PIPE)\nif upload_result.returncode == 0:\n    print(\"Scan succesfully submitted to concert!\")\n    output = decode_utf8(upload_result.stdout)\n    print(f\"Response was: {output.strip()}\")\nelse:\n    # WARNING: printing stdout/stderr may leak credentials...\n    print(\"ERROR - Could not upload results to concert\")\n    print(\"stdout:\", decode_utf8(upload_result.stdout))\n    print(\"stderr:\", decode_utf8(upload_result.stderr))\n    sys_exit(1)\n`"},{"name":"encoding","value":"\"utf-8\""},{"name":"parameters","value":"{\n    \"gh_repo_url\": $gh_repo_url,\n    \"gh_api_token\": $gh_api_token,\n    \"concert_url\": $concert_url,\n    \"concert_api_key\": $concert_api_key,\n    \"concert_instance_id\": $concert_instance_id,\n    \"concert_allow_insecure\": $concert_allow_insecure\n}"}]}, {"action":"assign","name":"copy_scan_result","variable":"$result","value":"$trivy_scan.result"}],"variables":[{"name":"result","required":false,"isInput":false,"isOutput":true,"level":"INTERMEDIATE","type":{"type":"any"},"value":"\"\""},{"name":"gh_repo_url","required":true,"isInput":true,"isOutput":false,"level":"INTERMEDIATE","type":{"type":"string"},"value":"\"\""},{"name":"gh_api_token","required":false,"isInput":true,"isOutput":false,"level":"INTERMEDIATE","type":{"type":"string"},"value":"\"\"","meta":{"notLogged":true,"subType":"password"}},{"name":"concert_url","required":true,"isInput":true,"isOutput":false,"level":"INTERMEDIATE","type":{"type":"string"},"value":"\"\""},{"name":"concert_api_key","required":true,"isInput":true,"isOutput":false,"level":"INTERMEDIATE","type":{"type":"string"},"value":"\"\"","meta":{"notLogged":true,"subType":"password"}},{"name":"concert_instance_id","required":true,"isInput":true,"isOutput":false,"level":"INTERMEDIATE","type":{"type":"string"},"value":"\"\""},{"name":"concert_allow_insecure","required":false,"isInput":true,"isOutput":false,"level":"INTERMEDIATE","type":{"type":"boolean"},"value":"false"}],"meta":{"version":5,"layout":"flow","workerGroup":"default","created":1728919398307,"lastUpdated":1729167085078,"updatedByUsername":"admin","numberOfBlocks":2,"description":"Perform a vulnerability scan of a GitHub repository using trivy"},"finally":null}