{"name":"Renew kubeadm Certificates using SSH","platform":"node","hash":"ZPaNRrE67+NiPCNa/0IccBtb78PiM5OU8TTptPyGSVs=","blocks":[{"name":"normalizeFileName","function":"const etcdFiles = [\"healthcheck-client\", \"peer\", \"server\"];\n\n$renewCommand = $certificate.metadata.rna_file;\n$renewCommand = $renewCommand.substring($renewCommand.lastIndexOf('/') + 1);\n$renewCommand = $renewCommand.replace(\".crt\", \"\");\n\nif(etcdFiles.includes($renewCommand)){\n    $renewCommand = \"etcd-\" + $renewCommand;\n}\n"}, {"action":"system/Common/SSH/SSH","name":"kubeadmRenew","inputs":[{"name":"authKey","value":"$service_auth"},{"name":"command","value":"`kubeadm certs renew ${$renewCommand}`"}]}, {"action":"if","name":"checkSuccess","condition":"$kubeadmRenew.result.includes(\"certificate\") && $kubeadmRenew.result.includes(\" renewed\")","then":[{"action":"assign","name":"assignSuccess","variable":"$result","value":"{\"success\": true, \"certificate\": $certificate}"}],"else":[{"action":"system/Common/SSH/SSH","name":"sudo_renew","inputs":[{"name":"authKey","value":"$service_auth"},{"name":"command","value":"`sudo kubeadm certs renew ${$renewCommand}`"}]},{"action":"if","name":"If_1","condition":"$sudo_renew.result.includes(\"certificate\") && $sudo_renew.result.includes(\"renewed\")","then":[{"action":"assign","name":"Assign_1","value":"{\n    \"success\": true,\n    \"certificate\": $certificate\n}","variable":"$result"}],"else":[{"action":"assign","name":"assignError","variable":"$result","value":"{\"success\": false}"}]}]}],"variables":[{"name":"service_auth","required":true,"isInput":true,"isOutput":false,"level":"INTERMEDIATE","type":{"type":"string"},"value":"\"\"","meta":{"authType":"Common/SSH","subType":"authentication"}},{"name":"certificate","required":true,"isInput":true,"isOutput":false,"level":"INTERMEDIATE","type":{"type":"object","properties":{"rna":{"type":"boolean","enum":[true]},"rna_service":{"type":"string","examples":["kubernetes_kubeadm"]},"rna_file":{"type":"string","examples":["/etc/kubernetes/pki/apiserver-kubelet-client.crt"]}}},"value":"{}"},{"name":"renewCommand","required":false,"isInput":false,"isOutput":false,"level":"INTERMEDIATE","type":{"type":"string"},"value":"\"\""},{"name":"result","required":false,"isInput":false,"isOutput":true,"level":"INTERMEDIATE","type":{"type":"any"},"value":"\"\""}],"meta":{"workerGroup":"default","created":1762414276011,"lastUpdated":1762414276011,"layout":"flow","updatedByUsername":"ibmconcert","numberOfBlocks":8,"version":5},"finally":null}