{"name":"Batch renewal of Concert certificates managed by Workflows","platform":"node","hash":"YSgPSez43af4v451tUeR5yOFH0UxD0v5GYfBFbQqovc=","blocks":[{"action":"foreach","name":"foreachCertificates","list":"$certificates","blocks":[{"action":"system/Common/Status Message Update","name":"statusMessageUpdateRenewingCertificateNo","inputs":[{"name":"message","value":"\"Trying to renew certificate \"+$foreachCertificates.index+\" out of \"+$foreachCertificates.count+\"...\""}]},{"action":"assign","name":"Assign_1","variable":"$tempCertificateResult","value":"{\n    \"id\": $foreachCertificates.item.id,\n    \"serial\": $foreachCertificates.item.serial_number,\n    \"status\": false,\n    \"reason\": null\n}"},{"action":"if","name":"checkIsRNADiscovered","condition":"$foreachCertificates.item.metadata?.rna","then":[{"action":"comment","value":"If managed by RNA"},{"action":"switch","name":"checkRenewMethod","expression":"$foreachCertificates.item.metadata?.rna_service","cases":[{"value":"\"kubernetes_kubeadm\"","blocks":[{"action":"comment","value":"if Kubernetes kubeadm certificate (currently the only one supported)"},{"action":"try","name":"Try_1","try":[{"action":"./renew/Renew kubeadm Certificates using SSH","name":"User_1","inputs":[{"name":"service_auth","value":"$service_auth"},{"name":"certificate","value":"$foreachCertificates.item"}]},{"action":"if","name":"If_3","condition":"!$User_1.result.success","then":[{"action":"assign","name":"assignError1","variable":"$tempCertificateResult.reason","value":"\"The renewing procedure was not successfull\""},{"action":"system/Common/Array/Array Push","name":"pushResult2","inputs":[{"name":"array","value":"$result.rotated_certs"},{"name":"item","value":"$tempCertificateResult"}]}],"else":[{"action":"assign","name":"assignSuccess","variable":"$tempCertificateResult.status","value":"true"},{"action":"system/Common/Array/Array Push","name":"pushResult1","inputs":[{"name":"array","value":"$result.rotated_certs"},{"name":"item","value":"$tempCertificateResult"}]}]}],"catch":[{"action":"assign","name":"assignError2","variable":"$tempCertificateResult.reason","value":"\"The renewing procedure raised an exception\""},{"action":"system/Common/Array/Array Push","name":"pushResult3","inputs":[{"name":"array","value":"$result.rotated_certs"},{"name":"item","value":"$tempCertificateResult"}]}]},{"action":"comment","value":"try"}]}],"default":[{"action":"comment","value":"if the certificate type is not recognized"},{"action":"assign","name":"assignError3","variable":"$tempCertificateResult.reason","value":"`Unrecognized RNA service '${$foreachCertificates.item.metadata?.rna_service}' for the certificate`"},{"action":"system/Common/Array/Array Push","name":"pushResult4","inputs":[{"name":"array","value":"$result.rotated_certs"},{"name":"item","value":"$tempCertificateResult"}]}]},{"action":"comment","value":"checkRenewMethod"}],"else":[{"action":"comment","value":"If not managed by RNA"},{"action":"assign","name":"assignError5","variable":"$tempCertificateResult.reason","value":"`The certificate is not managed by Concert Workflows`"},{"action":"system/Common/Array/Array Push","name":"pushResult5","inputs":[{"name":"array","value":"$result.rotated_certs"},{"name":"item","value":"$tempCertificateResult"}]}]}]}, {"action":"comment","value":"forEach"}, {"action":"comment","value":"checkForErrors"}],"variables":[{"name":"service_auth","required":true,"isInput":true,"isOutput":false,"level":"INTERMEDIATE","type":{"type":"string"},"value":"\"\"","meta":{"description":"RNA authentication for SSH service"}},{"name":"certificates","required":true,"isInput":true,"isOutput":false,"level":"INTERMEDIATE","type":{"type":"array","items":{"type":"object","properties":{"id":{"type":"string"},"owner":{"type":"string"},"issuer":{"type":"string"},"serial_number":{"type":"string"},"validity_end_date":{"type":"number"},"dns_names":{"type":"string"},"namespace":{"type":"string"},"environment":{"type":"array","items":{"type":"string"}},"metadata":{"type":"object","properties":{"rna":{"type":"boolean","enum":[true]},"rna_service":{"type":"string","examples":["kubernetes_kubeadm"]},"rna_file":{"type":"string","examples":["/etc/kubernetes/pki/apiserver-kubelet-client.crt"]}}}}}},"value":"[]","meta":{"description":"List of certificates to be renewed - the renewed certificates are kept here."}},{"name":"tempCertificateResult","required":false,"isInput":false,"isOutput":false,"level":"INTERMEDIATE","type":{"type":"object"},"value":"{}"},{"name":"result","required":false,"isInput":false,"isOutput":true,"level":"INTERMEDIATE","type":{"type":"object"},"value":"{rotated_certs: []}","meta":{"description":"Final result of the renewal procedure"}}],"meta":{"workerGroup":"default","created":1762414276631,"lastUpdated":1762414276631,"description":"This flow obtains a list of certificates discovered by Workflows (currently Kubernetes kubeadm supported only), and tries to make a batch renewal of those certificates using kubeadm.","layout":"flow","updatedByUsername":"ibmconcert","numberOfBlocks":27,"version":5,"tags":[{"name":"Consumer","value":"Concert"},{"name":"Category","value":"Certificates"}]},"finally":null}