{"name":"dis_tomcat_parse_count40X","platform":"node","hash":"KBrhZ5BiuDwMVdr2qxRXruYUGIgM5EEH06nXZsVlUDg=","blocks":[{"name":"Function_1","function":"var raw = $in_input;\nvar bound = Date.now() - $in_timeframe;\nvar lines = raw.split(\"\\n\");\nvar pattern = /.*\\[(\\d+)\\/(.*)\\/(\\d+):(\\d+:\\d+:\\d+) ([=-]\\d+)\\].* (4\\d+) \\d+$/;\nvar count_400 = 0;\nvar count_401 = 0;\nvar count_403 = 0;\nvar count_404 = 0;\nvar count_40X = 0;\nvar status_codes = [];\n\nfor (const line of lines) {\n    var m = line.match(pattern);\n\n    if (m !== null) {\n        status_codes.push(m[6]);\n        var date = m[1];\n        var month = m[2];\n        var year = m[3];\n        var time = m[4];\n        var tz = m[5];\n\n        if (Date.parse(`${date} ${month} ${year} ${time} ${tz}`) > bound) {\n            switch (m[6]) {\n            case \"400\":\n                count_400++;\n                break;\n            case \"401\":\n                count_401++;\n                break;\n            case \"403\":\n                count_403++;\n                break;\n            case \"404\":\n                count_404++;\n                break;\n            default:\n                count_40X++;\n            }\n        }\n    }\n}\n\n$result = {\n    \"count_400\": count_400,\n    \"count_401\": count_401,\n    \"count_403\": count_403,\n    \"count_404\": count_404,\n    \"count_40X\": count_40X\n}"}, {"action":"assign","name":"Assign_1","variable":"$success","value":"true"}],"variables":[{"name":"result","required":false,"isInput":false,"isOutput":true,"level":"INTERMEDIATE","type":{"type":"object"},"value":"{}"},{"name":"in_input","required":true,"isInput":true,"isOutput":false,"level":"INTERMEDIATE","type":{"type":"string"},"value":"\"\""},{"name":"in_timeframe","required":true,"isInput":true,"isOutput":false,"level":"INTERMEDIATE","type":{"type":"number"},"value":8.64E7},{"name":"success","required":false,"isInput":false,"isOutput":true,"level":"INTERMEDIATE","type":{"type":"boolean"},"value":"false"},{"name":"debug","required":false,"isInput":false,"isOutput":true,"level":"INTERMEDIATE","type":{"type":"array"},"value":"[]"},{"name":"error","required":false,"isInput":false,"isOutput":true,"level":"INTERMEDIATE","type":{"type":"array"},"value":"[]"}],"meta":{"workerGroup":"default","layout":"flow","version":5,"created":1756865506103,"lastUpdated":1756865506103,"updatedByUsername":"ibmconcert","numberOfBlocks":2},"finally":null}