{"name":"Windows_Keystore_Cert_Renewal","platform":"node","hash":"iDlsvKUaHnpBUNaUXO9j3dHGohf6oIl1kOzq78MOhMg=","blocks":[{"action":"system/Common/Config Data/Get Config Data","name":"GetKeystorePass","inputs":[{"name":"authKey","value":"$passwordMap"}]}, {"name":"Function_2","function":"if (!$tomcatPath) {\n  throw new Error(' \"400 Bad Request\" \\n {\"error\": \"Missing required field: Tomcat path\"}');\n}else if(!$validity) {\n  throw new Error(' \"400 Bad Request\" \\n {\"error\": \"Missing required field: Validity\"}');\n}"}, {"action":"foreach","name":"ForEachCert","list":"$certificates","blocks":[{"action":"comment","value":"Get keystore name from input "},{"action":"assign","name":"GetKeystoreName","variable":"$keystore","value":"(JSON.parse($ForEachCert.item.additional_data).keystore_path || \"\")"},{"action":"comment","value":"Get keystore password from config auth set by user -  using keystore path as key"},{"name":"Function_1","function":"const keystore = $keystore\nconst passwordMap = $GetKeystorePass.result\n\n$storepass = passwordMap[keystore] || \"\";"},{"action":"comment","value":"Script to renew the cert and restart tomcat application running."},{"action":"system/Ansible/Playbook","name":"Java_Keystore_Certificate_Renewal","inputs":[{"name":"authKey","value":"$service_auth"},{"name":"playbook","value":"`---\n- name: Manage Java Keystore and Certificate\n  hosts: windows\n  gather_facts: no\n  vars:\n    aliasName: ${JSON.stringify($ForEachCert.item.metadata.alias)}\n    keystore: ${JSON.stringify($keystore)}\n    jkspath: \"{{ keystore.split('/')[:-1] | join('/') }}\"\n    storepass: ${JSON.stringify($storepass)}\n    validity: ${JSON.stringify($validity)}\n    tomcat_path: ${JSON.stringify($tomcatPath)}\n    apachebinPath: \"{{ tomcat_path }}\\\\bin\"\n    tomcat_user: \"tomcat\"\n    tomcat_group: \"tomcat\"\n\n  tasks:\n    - name: Add Java path to environment temporarily\n      win_shell: |\n        $env:Path += ';{{ jkspath }}'\n        Write-Host \"Java path added.\"\n\n    - name: Display current directory\n      win_shell: |\n        Write-Host \"Current directory: $(Get-Location)\"\n\n    - name: Verify Java is installed\n      win_shell: |\n        try {\n          java -version\n        } catch {\n          Write-Host 'Java not found!'\n        }\n\n    - name: Verify keytool is available\n      win_shell: |\n        try {\n          keytool -version\n        } catch {\n          Write-Host 'keytool not found!'\n        }\n\n    - name: Check if keystore exists\n      win_shell: |\n        if (Test-Path -Path \"{{ keystore }}\") {\n          Write-Host 'Keystore exists!'\n        } else {\n          Write-Host 'Keystore does NOT exist!'\n        }\n\n    - name: Change directory to Java path\n      win_shell: |\n        try {\n          Set-Location -Path \"{{ jkspath }}\"\n          Write-Host \"Changed to directory: $(Get-Location)\"\n        } catch {\n          Write-Host 'Failed to change directory!'\n        }\n\n    - name: Ensure C:\\temp exists\n      win_file:\n        path: C:\\temp\n        state: directory\n\n\n    - name: Extract DName from keystore\n      win_shell: |\n        try {\n          $output = & keytool -list -v -keystore \"{{ keystore }}\" -alias \"{{ aliasName }}\" -storepass \"{{ storepass }}\"\n          $output | Out-File -FilePath C:\\temp\\{{ aliasName }}_output.txt\n\n          $dnameLine = $output | Where-Object { $_ -match '^(Owner|Subject):' } | Select-Object -First 1\n          if ($dnameLine) {\n            $dname = $dnameLine -replace '^(Owner|Subject):\\s*', '' | ForEach-Object { $_.Trim() }\n            Set-Content -Path C:\\temp\\{{ aliasName }}_name.txt -Value $dname\n            Write-Host \"Extracted DName: $dname\"\n          } else {\n            Write-Host \"DName line not found!\"\n            throw \"No DName found\"\n          }\n        } catch {\n          Write-Host \"Exception occurred: $_\"\n          throw\n        }\n\n    - name: Read extracted DName\n      win_shell: |\n        Get-Content -Path \"C:\\temp\\{{ aliasName }}_name.txt\" -Raw\n      register: dname_output\n\n    - name: Set DName fact\n      set_fact:\n        dname: \"{{ dname_output.stdout | trim }}\"\n\n    - name: Generate self-signed certificate\n      win_shell: |\n        try {\n          & keytool -selfcert -alias \"{{ aliasName }}\" -keystore \"{{ keystore }}\" -dname \"{{ dname }}\" -validity {{ validity }} -storepass \"{{ storepass }}\"\n          Write-Host 'Self-signed certificate generated.'\n        } catch {\n          Write-Host 'Failed to generate certificate.'\n        }\n    - name: Set CATALINA_HOME system environment variable\n      win_environment:\n        name: CATALINA_HOME\n        value: \"{{ tomcat_path }}\"\n        level: machine\n\n    - name: Stop Tomcat using shutdown.bat with error handling\n      win_shell: |\n        try {\n          $ErrorActionPreference = 'Stop'\n          $shutdown = Join-Path \"{{ apachebinPath }}\" \"shutdown.bat\"\n          & $shutdown\n          Start-Sleep -Seconds 3\n          Write-Host 'Tomcat stopped.'\n        } catch {\n          Write-Host \"Failed to stop Tomcat: $_\"\n          throw\n        }\n\n    - name: Delay before starting Tomcat\n      pause:\n        seconds: 5\n\n    - name: Start Tomcat using startup.bat asynchronously\n      win_shell: '{{ apachebinPath }}\\startup.bat'\n      async: 5\n      poll: 0\n\n    - name: Delay to make sure service has time to start\n      pause:\n        seconds: 5\n`"}]},{"action":"system/Common/Array/Array Push","name":"AddResult","inputs":[{"name":"array","value":"$result"},{"name":"item","value":"$Java_Keystore_Certificate_Renewal.error"}]}]}],"variables":[{"name":"result","required":false,"isInput":false,"isOutput":true,"level":"INTERMEDIATE","type":{"type":"array"},"value":"[]"},{"name":"certificates","required":true,"isInput":true,"isOutput":true,"level":"INTERMEDIATE","type":{"type":"array"},"value":"[]"},{"name":"passwordMap","required":true,"isInput":true,"isOutput":false,"level":"INTERMEDIATE","type":{"type":"string"},"value":"\"\"","meta":{"authType":"ANY","subType":"authentication"}},{"name":"keystore","required":false,"isInput":false,"isOutput":false,"level":"INTERMEDIATE","type":{"type":"string"},"value":"\"\""},{"name":"storepass","required":false,"isInput":false,"isOutput":false,"level":"INTERMEDIATE","type":{"type":"string"},"value":"\"\""},{"name":"service_auth","required":true,"isInput":true,"isOutput":false,"level":"INTERMEDIATE","type":{"type":"string"},"value":"\"\"","meta":{"authType":"ANY","subType":"authentication"}},{"name":"validity","required":true,"isInput":true,"isOutput":false,"level":"INTERMEDIATE","type":{"type":"string"},"value":"\"\""},{"name":"tomcatPath","required":true,"isInput":true,"isOutput":false,"level":"INTERMEDIATE","type":{"type":"string"},"value":"\"\"","meta":{"notLogged":true,"subType":"password"}}],"meta":{"workerGroup":"default","created":1753869432090,"lastUpdated":1753869432090,"description":"This workflow manages a Java keystore on a Windows host by extracting the distinguished name (DName) and generating a self-signed certificate. It updates the CATALINA_HOME environment variable, and safely stops and restarts the Tomcat server using its batch scripts. The playbook ensures proper environment setup and introduces delays to handle service readiness.","layout":"flow","updatedByUsername":"ibmconcert","numberOfBlocks":10,"version":5},"finally":null}