{"name":"SSH_Key_Renewal","platform":"node","hash":"UZsa34YG1X1HSOxzpSDNRL2TGi9bF3yCw41NFVBa0EA=","blocks":[{"action":"assign","name":"AssignOwner","variable":"$owner","value":"$certificates[0].owner"}, {"action":"try","name":"Catch_Fetch","try":[{"name":"Function_4","function":"if ($owner == \"\") {\n    throw new Error(\"owner missing in the ssh key info\")\n}"},{"action":"system/IBM/Concert/Certificates/List All Certificates Associated With an Environment","name":"ListAllSSHKeys","inputs":[{"name":"is_archived","value":"\"false\""},{"name":"page_size","value":"$page_count"},{"name":"page_number","value":"$page_number"},{"name":"sort_by","value":"\"validity_end_date\""},{"name":"sort_direction","value":"\"asc\""},{"name":"filter","value":"\"owner:\" + $owner"}]},{"action":"assign","name":"AssignFetchedKeys","variable":"$all_ssh_keys","value":"$ListAllSSHKeys.result.certificates"},{"action":"assign","name":"AssignFetchedCount","variable":"$total_collected_cert_count","value":"$all_ssh_keys.length"},{"action":"while","name":"WhileMoreToFetch","condition":"$total_collected_cert_count < $ListAllSSHKeys.result.pagination.total_count","blocks":[{"action":"assign","name":"AssignPageNumber","variable":"$page_number","value":"$page_number + 1"},{"name":"Function_1","function":"let remaining = $ListAllSSHKeys.result.pagination.total_count - $total_collected_cert_count;\n$page_count = remaining < 50 ? remaining : 50;\n"},{"action":"system/IBM/Concert/Certificates/List All Certificates Associated With an Environment","name":"ListKeys","inputs":[{"name":"is_archived","value":"\"false\""},{"name":"page_size","value":"$page_count"},{"name":"page_number","value":"$page_number"},{"name":"sort_by","value":"\"validity_end_date\""},{"name":"sort_direction","value":"\"asc\""},{"name":"filter","value":"\"owner:\" + $owner"}]},{"action":"assign","name":"AssignCollectedCount","variable":"$total_collected_cert_count","value":"$total_collected_cert_count + $ListKeys.result.certificates.length"},{"name":"Function_2","function":"$all_ssh_keys.push(...$ListKeys.result.certificates)"}]},{"action":"foreach","name":"ForEachKeysToRenew","list":"$certificates","blocks":[{"action":"system/Ansible/Playbook","name":"RenewCerts","inputs":[{"name":"authKey","value":"$linux_auth"},{"name":"playbook","value":"`---\n- name: Rotate SSH keys and push new public key to servers\n  gather_facts: no\n  vars:\n    today: \"{{ lookup('pipe', 'date +%Y-%m-%d') }}\"\n    private_key_path: ${JSON.stringify($ForEachKeysToRenew.item.metadata.private_key)} \n    public_key_path: ${JSON.stringify($ForEachKeysToRenew.item.metadata.public_key)}\n    bit_length: ${JSON.stringify($ForEachKeysToRenew.item.metadata.bit_length)}\n    servers: ${JSON.stringify(JSON.parse($ForEachKeysToRenew.item.additional_data).servers)}\n    hostname : ${JSON.stringify($ForEachKeysToRenew.item.subject)}\n    owner : ${JSON.stringify($ForEachKeysToRenew.item.owner)}\n    key_type : ${JSON.stringify($ForEachKeysToRenew.item.issuer)}\n    ssh_port: ${JSON.stringify($ForEachKeysToRenew.item.metadata.ssh_port)}\n    username: ${JSON.stringify($ForEachKeysToRenew.item.metadata.username)}\n    owner_email: ${JSON.stringify($ForEachKeysToRenew.item.metadata.owner_email)}\n    days: ${JSON.stringify($key_life)}\n  hosts: \"{{ hostname }}\"\n\n  tasks:\n    - name: Remove any existing backup key files (*.bkp)\n      file:\n        path: \"{{ item }}\"\n        state: absent\n      loop:\n        - \"{{ private_key_path }}.bkp\"\n        - \"{{ public_key_path }}.bkp\"\n\n    - name: Backup current private key\n      command: mv \"{{ private_key_path }}\" \"{{ private_key_path }}.bkp\"\n      args:\n        removes: \"{{ private_key_path }}\"\n      ignore_errors: yes\n\n    - name: Backup current public key\n      command: mv \"{{ public_key_path }}\" \"{{ public_key_path }}.bkp\"\n      args:\n        removes: \"{{ public_key_path }}\"\n      ignore_errors: yes\n\n    - name: Generate new SSH key pair (RSA 3072-bit, no passphrase)\n      command: ssh-keygen -t \"{{ key_type }}\" -b \"{{ bit_length }}\" -f \"{{ private_key_path }}\" -N ''\n      args:\n        creates: \"{{ private_key_path }}\"\n\n    - name: Push new public key to each server using old private key\n      shell: |\n        ssh -o StrictHostKeyChecking=no \\\n            -i \"{{ private_key_path }}.bkp\" \\\n            -p {{ item.ssh_port }} \\\n            {{ item.username }}@{{ item.hostname }} \\\n            \"mkdir -p ~/.ssh && chmod 700 ~/.ssh && cat >> ~/.ssh/authorized_keys\" \\\n            < \"{{ public_key_path }}\"\n      loop: \"{{ servers }}\"\n      register: key_copy_results\n      ignore_errors: yes\n\n    - name: Fail if pushing public key to any server failed\n      fail:\n        msg: \"Failed to copy new public key to one or more servers.\"\n      when: key_copy_results.results | selectattr('rc','ne',0) | list | length > 0\n\n    - name: Test SSH handshake with new key\n      shell: >\n        ssh -o BatchMode=yes -o StrictHostKeyChecking=no\n        -i \"{{ private_key_path }}\"\n        -p {{ item.ssh_port }}\n        {{ item.username }}@{{ item.hostname }} exit\n      loop: \"{{ servers }}\"\n      register: ssh_test_results\n      ignore_errors: yes\n\n    - name: Fail if SSH handshake fails with new key\n      fail:\n        msg: \"SSH handshake failed with new key for one or more servers.\"\n      when: ssh_test_results.results | selectattr('rc','ne',0) | list | length > 0\n\n    - name: Get key details from public key\n      command: ssh-keygen -lf \"{{ public_key_path }}\"\n      register: key_info\n\n    - name: Parse key details\n      set_fact:\n        bit_length: \"{{ key_info.stdout.split(' ')[0] }}\"\n        fingerprint: \"{{ key_info.stdout.split(' ')[1] }}\"\n        key_type: \"{{ key_info.stdout.split(' ')[-1] }}\"\n\n    - name: Calculate validity start date\n      set_fact:\n        validity_start: \"{{ today }}\"\n        validity_end: \"{{ lookup('pipe', 'date -d \\\"' ~ today ~ ' + ' ~ (days | int) ~ ' days\\\" +%Y-%m-%d') }}\"\n\n    - name: Build final JSON object\n      set_fact:\n        key_info_json:\n          subject: \"{{ hostname }}\"\n          issuer: \"{{ key_type }}\"\n          owner: \"{{ username }}@{{ hostname }}\"\n          serialNumber: \"{{ fingerprint }}\"\n          validFrom: \"{{ validity_start }}\"\n          validTo: \"{{ validity_end }}\"\n          namespace: \"{{ username }}@{{ hostname }}:{{ private_key_path }}\"\n          metadata:\n            ssh_port: \"{{ ssh_port }}\"\n            username: \"{{ username }}\"\n            private_key: \"{{ private_key_path }}\"\n            public_key: \"{{ public_key_path }}\"\n            bit_length: \"{{ bit_length }}\"\n            owner_email: \"{{ owner_email }}\"\n          dnsNames: []\n          additional_data:\n            servers: \"{{ servers }}\"\n          certificate_type: \"ssh-key\"\n    \n    - name: Show generated JSON\n      debug:\n        var: key_info_json\n`"}]},{"action":"assign","name":"AssignHostName","variable":"$hostname","value":"Object.keys($RenewCerts.result[\"plays\"][0][\"tasks\"][11][\"hosts\"])[0]"},{"action":"assign","name":"Assign_2","value":"$RenewCerts.result[\"plays\"][0][\"tasks\"][11][\"hosts\"][$hostname][\"ansible_facts\"][\"key_info_json\"]","variable":"$extracted_cert"},{"name":"Function_2_1","function":"function normalizeKeyType(rawType) {\n    if (!rawType)\n        return \"rsa\";\n\n    const val = rawType.toLowerCase().trim();\n\n    const map = [{\n        match: [\"rsa\", \"(rsa)\", \"ssh-rsa\"],\n        value: \"rsa\"\n    }, {\n        match: [\"ed25519\", \"(ed25519)\", \"ssh-ed25519\"],\n        value: \"ed25519\"\n    }, {\n        match: [\n            \"ecdsa\",\n            \"(ecdsa)\",\n            \"ecdsa-sha2-nistp256\",\n            \"ecdsa-sha2-nistp384\",\n            \"ecdsa-sha2-nistp521\"\n        ],\n        value: \"ecdsa\"\n    }];\n\n    for (const {\n        match,\n        value\n    } of map) {\n        if (match.some(m => val.includes(m))) {\n            return value;\n        }\n    }\n\n    return \"rsa\";\n};\n\n$extracted_cert.issuer = normalizeKeyType($extracted_cert.issuer)"},{"action":"system/Common/Array/Array Push","name":"AddCerts","inputs":[{"name":"array","value":"$new_certs"},{"name":"item","value":"$extracted_cert"}]},{"action":"system/Common/Array/Array Push","name":"ArrayPush_1","inputs":[{"name":"array","value":"$del_keys"},{"name":"item","value":"$extracted_cert"}]}]},{"name":"Function_3","function":"function mergeCertificates(all_certs, new_certs) {\n    const newNamespaces = new Set(new_certs.map(cert => cert.namespace).filter(Boolean));\n\n    const filteredOldCerts = all_certs.filter(cert => { const namespaces = cert.namespaces || []; return !namespaces.some(ns => newNamespaces.has(ns)); });\n\n    const normalizeCert = cert => {\n        const meta = typeof cert.metadata === \"string\" ? JSON.parse(cert.metadata) : (cert.metadata || {});\n        const additional = typeof cert.additional_data === \"string\" ? JSON.parse(cert.additional_data) : (cert.additional_data || {});\n\n        return {\n            subject: cert.subject || meta.hostname || \"\",\n            issuer: cert.issuer || \"\",\n            owner: cert.owner || meta.owner_email || \"\",\n            serialNumber: cert.serialNumber || cert.serial_number || \"\",\n            validFrom: cert.validFrom || cert.validity_start_date || \"\",\n            validTo: cert.validTo || cert.validity_end_date || \"\",\n            namespace: cert.namespace || cert.namespaces || [],\n            environment: cert.environment || null,\n\n            metadata: {\n                ssh_port: meta.ssh_port,\n                username: meta.username,\n                private_key: meta.private_key,\n                public_key: meta.public_key,\n                bit_length: meta.bit_length,\n                owner_email: meta.owner_email\n            },\n            dnsNames: [],\n\n            additional_data: {\n                servers: additional.servers || []\n            },\n            certificate_type: \"ssh-key\"\n        };\n    };\n\n    const merged = [...filteredOldCerts, ...new_certs].map(normalizeCert);\n    return merged;\n};\n\nfunction getRemovedEnvName(all_certs, new_certs) {\n    const newNamespaces = new Set(new_certs.map(cert => cert.namespace).filter(Boolean));\n\n    for (const cert of all_certs) {\n        const namespaces = cert.namespaces || (cert.namespace ? [cert.namespace] : []);\n        const shouldRemove = namespaces.some(ns => newNamespaces.has(ns));\n        if (shouldRemove && cert.environment?.name) {\n            return cert.environment.name;\n        }\n    }\n\n    return \"\"; \n}\n\n$env_name = getRemovedEnvName($all_ssh_keys, $new_certs)\n$new_certs = mergeCertificates($all_ssh_keys, $new_certs)\n","breakpoint":"enabled"},{"action":"./helper/Create_JSON_of_Certificate","name":"IngestSSHKeys","inputs":[{"name":"certificates","value":"$new_certs"},{"name":"env_name","value":"$env_name"},{"name":"api_server","value":"$owner"}]},{"action":"assign","name":"AssignResult","variable":"$result","value":"$IngestSSHKeys.result"}],"catch":[{"action":"assign","name":"AssignCatchError","variable":"$result","value":"{\n    \"renewal fail\": $Catch_Fetch.message,\n    \"error stack\": $Catch_Fetch.stack\n}"}]}, {"action":"if","name":"If_1","condition":"$remove_flag == \"true\"","then":[{"action":"./helper/SSH_Key_Removal","name":"RemoveSSHKeys","inputs":[{"name":"input_keys","value":"$del_keys"},{"name":"linux_auth","value":"$linux_auth"}]},{"action":"assign","name":"Assign_1","variable":"$removal_result","value":"$RemoveSSHKeys.result"}],"else":[]}],"variables":[{"name":"page_number","required":false,"isInput":false,"isOutput":false,"level":"INTERMEDIATE","type":{"type":"number"},"value":"1"},{"name":"total_collected_cert_count","required":false,"isInput":false,"isOutput":false,"level":"INTERMEDIATE","type":{"type":"number"},"value":"50"},{"name":"page_count","required":false,"isInput":false,"isOutput":false,"level":"INTERMEDIATE","type":{"type":"number"},"value":"50"},{"name":"all_ssh_keys","required":false,"isInput":false,"isOutput":false,"level":"INTERMEDIATE","type":{"type":"array"},"value":"[]"},{"name":"new_certs","required":false,"isInput":false,"isOutput":false,"level":"INTERMEDIATE","type":{"type":"array"},"value":"[]"},{"name":"hostname","required":false,"isInput":false,"isOutput":false,"level":"INTERMEDIATE","type":{"type":"string"},"value":"\"\""},{"name":"processed_certs","required":false,"isInput":false,"isOutput":false,"level":"INTERMEDIATE","type":{"type":"object"},"value":"{}"},{"name":"result","required":false,"isInput":false,"isOutput":true,"level":"INTERMEDIATE","type":{"type":"array"},"value":"[]"},{"name":"owner","required":false,"isInput":false,"isOutput":false,"level":"INTERMEDIATE","type":{"type":"string"},"value":"\"\""},{"name":"env_name","required":false,"isInput":false,"isOutput":false,"level":"INTERMEDIATE","type":{"type":"string"},"value":"\"\""},{"name":"removal_result","required":false,"isInput":false,"isOutput":true,"level":"INTERMEDIATE","type":{"type":"array"},"value":"[]"},{"name":"del_keys","required":false,"isInput":false,"isOutput":false,"level":"INTERMEDIATE","type":{"type":"array"},"value":"[]"},{"name":"extracted_cert","required":false,"isInput":false,"isOutput":false,"level":"INTERMEDIATE","type":{"type":"object"},"value":"{}"},{"name":"key_life","required":true,"isInput":true,"isOutput":false,"level":"INTERMEDIATE","type":{"type":"number"},"value":"365"},{"name":"linux_auth","required":true,"isInput":true,"isOutput":false,"level":"INTERMEDIATE","type":{"type":"string"},"value":"\"\"","meta":{"authType":"ANY","subType":"authentication"}},{"name":"certificates","required":true,"isInput":true,"isOutput":false,"level":"INTERMEDIATE","type":{"type":"array"},"value":"[]"},{"name":"remove_flag","required":true,"isInput":true,"isOutput":false,"level":"INTERMEDIATE","type":{"type":"string"},"value":"\"\""}],"meta":{"workerGroup":"default","created":1762427852018,"lastUpdated":1762427852018,"layout":"flow","updatedByUsername":"concert","numberOfBlocks":26,"version":5},"finally":null}