{"name":"Call Concert API","platform":"node","hash":"+UKXPvMzLqEp3LX+tSN//zWnFwBxjF+XaQ1wC3rt6eI=","blocks":[{"action":"system/Common/HTTP/HTTP Request","name":"CallConcertAPI","inputs":[{"name":"method","value":"$req_config.method"},{"name":"host","value":"$req_config.host"},{"name":"protocol","value":"$req_config.protocol"},{"name":"port","value":"$req_config.port"},{"name":"path","value":"$req_config.path"},{"name":"query","value":"$req_config.query"},{"name":"headers","value":"$req_config.headers"},{"name":"body","value":"$body"},{"name":"authKey","value":"$req_config.auth"}],"breakpoint":"enabled"}, {"action":"assign","name":"Assign_1","variable":"$result","value":"{\n    \"uuid\": $CallConcertAPI.result[\"$uuid\"],\n    \"result\": $CallConcertAPI.result\n}","breakpoint":"enabled"}],"variables":[{"name":"req_config","required":true,"isInput":true,"isOutput":false,"level":"INTERMEDIATE","type":{"type":"object"},"value":"{}"},{"name":"result","required":false,"isInput":false,"isOutput":true,"level":"INTERMEDIATE","type":{"type":"object"},"value":"{}"},{"name":"body","required":false,"isInput":true,"isOutput":false,"level":"INTERMEDIATE","type":{"type":"object"},"value":"{}"}],"meta":{"workerGroup":"default","created":1762527092669,"lastUpdated":1762527092669,"description":" This workflow create a http request to Concert","layout":"flat","updatedByUsername":"ibmconcert","numberOfBlocks":2,"version":5},"finally":null}