{"name":"Create a JSON of Secret engine Vault Certificate","platform":"node","hash":"m55BE+LO4sjO+H4D5s16asezsoXe6RYGXUcpm/XWXHU=","blocks":[{"action":"system/Common/Status Message Update","name":"StatusMessageUpdate_Checking_Metadata","inputs":[{"name":"message","value":"\"Checking metadata...\""}]}, {"action":"foreach","name":"foreachCertificates","list":"$certificates","blocks":[{"action":"system/Common/Status Message Update","name":"StatusMessageUpdate_Checking_Metadata_1","inputs":[{"name":"message","value":"\"Converting certificate \"+$foreachCertificates.index+\" out of \"+$foreachCertificates.count+\"...\""}]},{"action":"switch","name":"checkCertificateDiscoveryType","expression":"$foreachCertificates.item.metadata.service","cases":[{"value":"\"HashiCorp_Vault\"","blocks":[{"action":"comment","value":"If certificate is HashiCorp_Vault (currently the only supported)"},{"name":"Function_1","function":"function strongHash(str) {\n    if (!str) return \"000000000000\"; // fallback if missing\n    str = str.replace(/:/g, \"\");     // remove colons just in case\n\n    let hash1 = 0, hash2 = 0;\n    for (let i = 0; i < str.length; i++) {\n        const char = str.charCodeAt(i);\n        hash1 = (hash1 << 5) - hash1 + char;\n        hash2 = (hash2 << 7) - hash2 + char;\n        hash1 |= 0;\n        hash2 |= 0;\n    }\n\n    const combined = (\n        Math.abs(hash1).toString(16) + Math.abs(hash2).toString(16)\n    ).padStart(16, \"0\");\n\n    return combined.slice(0, 12); // short stable hash\n}\n\n// ------------------ Build the permanent unique ID ------------------\n\n// Extract stable metadata fields\nconst ns = $foreachCertificates.item?.metadata?.namespace || \"admin\";\nconst engine = $foreachCertificates.item?.metadata?.enginePath || \"example-pki\";\nconst role = $foreachCertificates.item?.metadata?.role || \"default-role\";\nconst dns = (\n    $foreachCertificates.item?.dns_names || \"\"\n).replace(/\"/g, \"\").replace(\"DNS:\", \"\").trim();\nconst commonName = $foreachCertificates.item?.subject?.replace(\"CN=\", \"\").trim() || dns;\n\n// Build the logical permanent ID (same across rotations for same cert group)\nconst permanent_id = `${ns}-${engine}-${role}-${commonName}`;\n\n// Generate a consistent hashed ID for Concert ingestion\n$api_server = strongHash(permanent_id);\n\n// Namespace reference\n$namespace = ns;\n"},{"action":"assign","name":"assignHashiCorp","variable":"$tempRnaMetadata","value":"{\n    \"source\": $foreachCertificates.item.metadata.service,\n    \"api_server\": $api_server,\n    \"namespace\": $foreachCertificates.item.metadata.namespace,\n    \"role\": $foreachCertificates.item.metadata.role,\n    \"enginePath\": $foreachCertificates.item.metadata.engine_path,\n    \"revocationTime\": $foreachCertificates.item.metadata.revocation_time,\n    \"secret_id\": $foreachCertificates.item.metadata.secret_id\n}"}]}],"default":[]},{"name":"utcDT","function":"const validFrom = $foreachCertificates.item.validFrom ? $foreachCertificates.item.validFrom : null;\nconst validTo = $foreachCertificates.item.validTo ? $foreachCertificates.item.validTo : null;\n\n$tempUtc = [convertDateToUTC(validFrom), convertDateToUTC(validTo)];\n\nfunction convertDateToUTC(dateString){\n    if(!dateString){\n        return null;\n    }\n    const dt = new Date(dateString);\n    const year = dt.getUTCFullYear();\n    const month = String(dt.getUTCMonth() + 1).padStart(2, '0');\n    const day = String(dt.getUTCDate()).padStart(2, '0');\n    const hours = String(dt.getUTCHours()).padStart(2, '0');\n    const minutes = String(dt.getUTCMinutes()).padStart(2, '0');\n    const seconds = String(dt.getUTCSeconds()).padStart(2, '0');\n\n    return `${year}-${month}-${day} ${hours}:${minutes}:${seconds} +0000 UTC`\n}"},{"action":"system/Common/Array/Array Push","name":"fillSBOMData","inputs":[{"name":"array","value":"$result.components"},{"name":"item","value":"{\n    \"type\": \"certificate\",\n\n    \"ref\": String(\n        \"certificate:\" + ($foreachCertificates.item.serialNumber ? $foreachCertificates.item.serialNumber : \"\")\n    ),\n    \"serial_number\": $foreachCertificates.item.serialNumber ? $foreachCertificates.item.serialNumber : \"\",\n\n    \"properties\": [{\n        \"name\": \"subject\",\n        \"value\": $foreachCertificates.item.subject ? $foreachCertificates.item.subject : \"\"\n    }, {\n        \"name\": \"issuer\",\n        \"value\": $foreachCertificates.item.issuer ? $foreachCertificates.item.issuer : \"\"\n    }, {\n        \"name\": \"validity_start_date\",\n        \"value\": $tempUtc[0]\n    }, {\n        \"name\": \"validity_end_date\",\n        \"value\": $tempUtc[1]\n    }, {\n        \"name\": \"dns_names\",\n        \"value\": $foreachCertificates.item.subjectAltName ? \"\\\"\" + $foreachCertificates.item.subjectAltName + \"\\\"\" : \"\"\n    }, {\n        \"name\": \"metadata\",\n        \"value\": JSON.stringify($tempRnaMetadata)\n    }]\n}"}]},{"action":"assign","name":"Assign_environment_details","variable":"$result.dependencies[0].ref","value":"\"environment:\" + $environment"},{"action":"system/Common/Array/Array Push","name":"addDependency","inputs":[{"name":"array","value":"$result.dependencies[0].depends_on"},{"name":"item","value":"String(\"certificate:\" + ($foreachCertificates.item.serialNumber ? $foreachCertificates.item.serialNumber : \"\"))"}]}]}, {"name":"cleanResult","function":"$result = cleanObject($result);\n\nfunction cleanObject(obj) {\n    if (Array.isArray(obj)) {\n        return obj.map(cleanObject).filter(item => !isEmpty(item));\n    } else if (typeof obj === \"object\" && obj !== null) {\n        let cleanedObject = {};\n\n        for (let key in obj) {\n            let cleanedValue = cleanObject(obj[key]);\n\n            if (!isEmpty(cleanedValue)) {\n                cleanedObject[key] = cleanedValue;\n            }\n        }\n\n        return cleanedObject;\n    }\n\n    return obj;\n}\n\nfunction isEmpty(value) {\n    if (value === \"\" || (Array.isArray(value) && value.length === 0) || (typeof value === \"object\" && value !== null && Object.keys(value).length == 0)) {\n        return true;\n    }\n\n    if (typeof value === \"object\" && value !== null) {\n        if (value.name && !value.value) {\n            return true;\n        }\n    }\n\n    return false;\n}"}],"variables":[{"name":"certificates","required":true,"isInput":true,"isOutput":false,"level":"INTERMEDIATE","type":{"type":"array"},"value":"[]"},{"name":"service_auth","required":false,"isInput":true,"isOutput":false,"level":"INTERMEDIATE","type":{"type":"string"},"value":"\"\""},{"name":"tempUtc","required":false,"isInput":false,"isOutput":false,"level":"INTERMEDIATE","type":{"type":"array"},"value":"[]"},{"name":"environment","required":true,"isInput":true,"isOutput":false,"level":"INTERMEDIATE","type":{"type":"string"},"value":"\"\""},{"name":"tempRnaMetadata","required":false,"isInput":false,"isOutput":false,"level":"INTERMEDIATE","type":{"type":"object"},"value":"{}"},{"name":"result","required":false,"isInput":false,"isOutput":true,"level":"INTERMEDIATE","type":{"type":"object"},"value":"{\n    \"components\": [],\n    \"dependencies\": [{\n        \"ref\": \"\",\n        \"depends_on\": []\n    }]\n}"},{"name":"api_server","required":false,"isInput":false,"isOutput":false,"level":"INTERMEDIATE","type":{"type":"string"},"value":"\"\""},{"name":"namespace","required":false,"isInput":false,"isOutput":false,"level":"INTERMEDIATE","type":{"type":"string"},"value":"\"\""}],"meta":{"workerGroup":"default","created":1762527092582,"lastUpdated":1762527092582,"description":"Creates a JSON of  Hashicorp Vault certificate, while converting timestamp from GMT to UTC","layout":"flow","updatedByUsername":"ibmconcert","numberOfBlocks":13,"version":5},"finally":null}