{"name":"ServiceNow_Fetch_Metrics","platform":"node","hash":"SEYapGKWVnqRZqwiIUCUSYyu7fmtBHPwL+5ZU1iLjV0=","blocks":[{"action":"system/Common/DateTime/Date Format ISO 8601","name":"dateISOFormat","inputs":[{"name":"timestamp","value":"$startTimestamp"}]}, {"action":"system/Common/HTTP/HTTP Request","name":"fetch_metrics_1","inputs":[{"name":"method","value":"\"GET\""},{"name":"host","value":"$serviceNowHost"},{"name":"protocol","value":"\"https\""},{"name":"path","value":"\"/v1/problems\""},{"name":"query","value":"{\n    \"assignment_group\": $applicationName,\n    \"start_time\": $dateISOFormat.result,\n    \"search_by_time\": \"created\"\n}"},{"name":"bodyEncoding","value":"\"default\""},{"name":"authKey","value":"$serviceNowAuthKey"},{"name":"responseEncoding","value":"\"utf-8\""}]}, {"action":"assign","name":"Assign_1","variable":"$result","value":"$fetch_metrics_1"}],"variables":[{"name":"result","required":false,"isInput":false,"isOutput":true,"level":"INTERMEDIATE","type":{"type":"object"},"value":"{}"},{"name":"serviceNowAuthKey","required":false,"isInput":true,"isOutput":false,"level":"INTERMEDIATE","type":{"type":"string"},"value":"\"\"","meta":{"authType":"Common/BasicAuth","subType":"authentication"}},{"name":"applicationName","required":false,"isInput":true,"isOutput":false,"level":"INTERMEDIATE","type":{"type":"string"},"value":"\"\""},{"name":"startTimestamp","required":false,"isInput":true,"isOutput":false,"level":"INTERMEDIATE","type":{"type":"number"},"value":"0"},{"name":"serviceNowHost","required":false,"isInput":true,"isOutput":false,"level":"INTERMEDIATE","type":{"type":"string"},"value":"\"\""},{"name":"error","required":false,"isInput":false,"isOutput":true,"level":"INTERMEDIATE","type":{"type":"string"},"value":"\"\""},{"name":"startTimeStampDefault","required":false,"isInput":false,"isOutput":false,"level":"INTERMEDIATE","type":{"type":"number"},"value":"0"}],"meta":{"workerGroup":"default","created":1744198615348,"lastUpdated":1744198615348,"description":"This workflow retrieves problems/incidents from ServiceNow over a specified time period, and sends to the main flow to calculate metrics","layout":"flat","updatedByUsername":"ibmconcert@0000-0000-0000-0000","numberOfBlocks":3,"version":5},"finally":null}