{"name":"Ingest JSON Certificates Data into IBM Concert","platform":"node","hash":"vCXBFIs4YBDqHWAMkKP9diXqrhFVtp6V5PZYayPEH7s=","blocks":[{"action":"comment","value":"Uploads the certificate JSON data to IBM Concert"}, {"action":"system/IBM/Concert/Import Data/Upload Files to Concert","name":"uploadFile","inputs":[{"name":"authKey","value":"$auth"},{"name":"file","value":"{\n    \"data_type\": $data_type,\n    \"filename\": $json\n}"},{"name":"fileType","value":"\"json\""}]}, {"action":"comment","value":"Store the upload result for further use"}, {"action":"assign","name":"Assign_1","variable":"$result","value":"$uploadFile.result","breakpoint":"enabled"}],"variables":[{"name":"auth","required":true,"isInput":true,"isOutput":false,"level":"INTERMEDIATE","type":{"type":"string"},"value":"\"\"","meta":{"authType":"ANY","subType":"authentication"}},{"name":"json","required":true,"isInput":true,"isOutput":false,"level":"INTERMEDIATE","type":{"type":"string"},"value":"\"\""},{"name":"data_type","required":true,"isInput":true,"isOutput":false,"level":"INTERMEDIATE","type":{"type":"string"},"value":"\"certificate\""},{"name":"result","required":false,"isInput":false,"isOutput":true,"level":"INTERMEDIATE","type":{"type":"any"},"value":"\"\""}],"meta":{"workerGroup":"default","created":1752757230183,"lastUpdated":1752759410891,"description":"Ingest certificates data into IBM Concert","layout":"flat","updatedByUsername":"ibmconcert@0000-0000-0000-0000","numberOfBlocks":4,"version":5},"finally":null}