{"name":"dis_composition_unzip","platform":"node","hash":"jT7ca8cEKWWIh7jDY2HaiaEaDFYrNWEMLr+IbRJ4Ss8=","blocks":[{"action":"system/Common/Status Message Update","name":"StatusMessageUpdate_1","inputs":[{"name":"message","value":"\"Getting \" + $in_server_host + \" software composition\""}]}, {"action":"foreach","name":"ForEach_lib","list":"$in_comp","blocks":[{"action":"if","name":"If_1","condition":"$ForEach_lib.item.name.includes(\"spring\")","then":[{"action":"if","name":"If_3","condition":"$ForEach_lib.item.name.includes(\"spring-data\")","then":[{"action":"assign","name":"Assign_purl_1_1","variable":"$ForEach_lib.item.purl","value":"`pkg:maven/org.springframework.data/${$ForEach_lib.item.name}@${$ForEach_lib.item.version}`"}],"else":[{"action":"assign","name":"Assign_purl_1","variable":"$ForEach_lib.item.purl","value":"`pkg:maven/org.springframework/${$ForEach_lib.item.name}@${$ForEach_lib.item.version}`"}]}],"else":[{"action":"assign","name":"Assign_cmd","variable":"$t_cmd","value":"\"unzip -Z1 \" + $ForEach_lib.item.filepath + \" | grep pom.xml\""},{"action":"system/Common/SSH/SSH","name":"SSH_curlJMXProxy","inputs":[{"name":"authKey","value":"$in_server_authkey"},{"name":"command","value":"$t_cmd"},{"name":"host","value":"$in_server_host"},{"name":"port","value":"$in_ssh_port"}]},{"action":"assign","name":"Assign_match","variable":"$t_match","value":"$SSH_curlJMXProxy.result.match(/^META-INF\\/maven\\/([^\\/]+\\/[^\\/]+)\\/pom\\.xml/)"},{"action":"if","name":"If_math_not_null","condition":"$t_match != null","then":[{"action":"assign","name":"Assign_groupID","variable":"$ForEach_lib.item.groupID","value":"$t_match[1]"},{"action":"assign","name":"Assign_purl","variable":"$ForEach_lib.item.purl","value":"`pkg:maven/${$ForEach_lib.item.groupID}@${$ForEach_lib.item.version}`"}],"else":[{"action":"assign","name":"Assign_cmd_1","variable":"$t_cmd","value":"\"unzip -Z1 \" + $ForEach_lib.item.filepath + \" | grep \" + $ForEach_lib.item.name"},{"action":"system/Common/SSH/SSH","name":"SSH_curlJMXProxy_1","inputs":[{"name":"authKey","value":"$in_server_authkey"},{"name":"command","value":"$t_cmd"},{"name":"host","value":"$in_server_host"},{"name":"port","value":"$in_ssh_port"}]},{"action":"assign","name":"Assign_match_2","variable":"$t_match_2","value":"$SSH_curlJMXProxy_1.result.match(/^META-INF\\/maven\\/([^\\/]+)\\/[^\\/]+\\/?$/)"},{"action":"if","name":"If_2","condition":"$t_match_2 != null","then":[{"action":"assign","name":"Assign_purl_2","variable":"$ForEach_lib.item.purl","value":"`pkg:maven/${$t_match_2[1]}@${$ForEach_lib.item.version}`"}],"else":[{"action":"assign","name":"Assign_cmd_2","variable":"$t_cmd","value":"\"unzip -p \" + $ForEach_lib.item.filepath + \" META-INF/MANIFEST.MF | grep Implementation-Vendor-Id\""},{"action":"system/Common/SSH/SSH","name":"SSH_curlJMXProxy_2","inputs":[{"name":"authKey","value":"$in_server_authkey"},{"name":"command","value":"$t_cmd"},{"name":"host","value":"$in_server_host"},{"name":"port","value":"$in_ssh_port"}]},{"action":"assign","name":"Assign_match_3","variable":"$t_match_3","value":"$SSH_curlJMXProxy_2.result.match(/^Implementation-Vendor-Id:\\s*([^\\r\\n]+)\\r?\\n?$/)"},{"action":"if","name":"If_2_1","condition":"$t_match_3 != null","then":[{"action":"assign","name":"Assign_purl_3","variable":"$ForEach_lib.item.purl","value":"`pkg:maven/${$t_match_3[1]}/${$ForEach_lib.item.name}@${$ForEach_lib.item.version}`"}],"else":[{"action":"assign","name":"Assign_purl_4","variable":"$ForEach_lib.item.purl","value":"\"\""}]}]}]}]},{"action":"system/Common/Array/Array Push","name":"ArrayPush_res","inputs":[{"name":"array","value":"$result"},{"name":"item","value":"$ForEach_lib.item"}]},{"action":"assign","name":"Assign_t_match","variable":"$t_match","value":"null"}]}, {"action":"assign","name":"Assign_sucess","variable":"$success","value":"true"}],"variables":[{"name":"in_server_authkey","required":true,"isInput":true,"isOutput":false,"level":"INTERMEDIATE","type":{"type":"string"},"value":"\"\""},{"name":"in_server_host","required":true,"isInput":true,"isOutput":false,"level":"INTERMEDIATE","type":{"type":"string"},"value":"\"\""},{"name":"in_comp","required":true,"isInput":true,"isOutput":false,"level":"INTERMEDIATE","type":{"type":"array"},"value":"[]"},{"name":"in_ssh_port","required":true,"isInput":true,"isOutput":false,"level":"INTERMEDIATE","type":{"type":"number"},"value":"22"},{"name":"result","required":false,"isInput":false,"isOutput":true,"level":"INTERMEDIATE","type":{"type":"array"},"value":"[]"},{"name":"success","required":false,"isInput":false,"isOutput":true,"level":"INTERMEDIATE","type":{"type":"boolean"},"value":"false"},{"name":"debug","required":false,"isInput":false,"isOutput":true,"level":"INTERMEDIATE","type":{"type":"object"},"value":"{}"},{"name":"error","required":false,"isInput":false,"isOutput":true,"level":"INTERMEDIATE","type":{"type":"array"},"value":"[]"},{"name":"t_target_metrics","required":false,"isInput":false,"isOutput":false,"level":"INTERMEDIATE","type":{"type":"array"},"value":"[\"file\"]"},{"name":"t_match","required":false,"isInput":false,"isOutput":false,"level":"INTERMEDIATE","type":{"type":"any"},"value":"\"\""},{"name":"t_cmd","required":false,"isInput":false,"isOutput":false,"level":"INTERMEDIATE","type":{"type":"any"},"value":"\"\""},{"name":"t_comp_list","required":false,"isInput":false,"isOutput":false,"level":"INTERMEDIATE","type":{"type":"array"},"value":"[]"},{"name":"t_comp_item","required":false,"isInput":false,"isOutput":false,"level":"INTERMEDIATE","type":{"type":"object"},"value":"{}"},{"name":"t_match_2","required":false,"isInput":false,"isOutput":false,"level":"INTERMEDIATE","type":{"type":"any"},"value":"\"\""},{"name":"t_match_3","required":false,"isInput":false,"isOutput":false,"level":"INTERMEDIATE","type":{"type":"any"},"value":"\"\""}],"meta":{"workerGroup":"default","layout":"flow","version":5,"created":1756865505917,"lastUpdated":1756865505917,"updatedByUsername":"ibmconcert","numberOfBlocks":26},"finally":null}