{"name":"pro_tomcat_metrics","platform":"node","hash":"Iwr33+VT/6pRmTiQ9O1m2FmlRe3i8uDfJtEFeAMy3ok=","blocks":[{"action":"foreach","name":"For_target","list":"$in_tomcat_apps","blocks":[{"action":"assign","name":"Assign_400","variable":"$t_num_java_runtime_400_errors","value":"$t_num_java_runtime_400_errors + (Number($For_target.item.logs.count_400)|| 0)"},{"action":"assign","name":"Assign_401","variable":"$t_num_java_runtime_401_errors","value":"$t_num_java_runtime_401_errors + (Number($For_target.item.logs.count_401)|| 0)"},{"action":"assign","name":"Assign_403","variable":"$t_num_java_runtime_403_errors","value":"$t_num_java_runtime_403_errors + (Number($For_target.item.logs.count_403)|| 0)"},{"action":"assign","name":"Assign_4xx","variable":"$t_num_java_runtime_40x_errors","value":"$t_num_java_runtime_40x_errors + Number($For_target.item.logs.count_40X)||0 + Number($For_target.item.logs.count_404)|| 0"},{"action":"foreach","name":"For_conf","list":"$For_target.item.conf","blocks":[{"name":"Function_1","function":"$t_local_insecure += $For_conf.item.local_insecure.length;\n$t_external_insecure += $For_conf.item.external_insecure.length;\n$t_db_insecure += $For_conf.item.db_insecure.length;\n$t_local_total += $For_conf.item.local_insecure.length + $For_conf.item.local_secure.length;\n$t_external_total += $For_conf.item.external_insecure.length + $For_conf.item.external_secure.length;\n$t_db_total += $For_conf.item.db_insecure.length + $For_conf.item.db_secure.length"}]},{"name":"Function_2","function":"$t_num_java_runtime_server_on_http += $For_target.item.ssl.filter(connector => connector.SSLEnabled === true).length"},{"action":"foreach","name":"For_apps","list":"$For_target.item.apps","blocks":[{"action":"assign","name":"Assign_restart","variable":"$t_num_java_runtime_restarts","value":"$For_apps.item.restart + $t_num_java_runtime_restarts"},{"action":"foreach","name":"For_session","list":"$For_apps.item.Session","blocks":[{"action":"assign","name":"Assign_rejected","variable":"$t_num_java_runtime_rejected_sessions","value":"$t_num_java_runtime_rejected_sessions + $For_session.item.rejectedSessions"},{"action":"assign","name":"Assign_persist","variable":"$t_num_java_runtime_persistent_authentication","value":"$t_num_java_runtime_persistent_authentication + ($For_session.item.persistAuthentication ? 1 : 0)"},{"action":"assign","name":"Assign_max_alive","variable":"$t_num_java_runtime_max_active_sessions","value":"$t_num_java_runtime_max_active_sessions + ($For_session.item.maxActiveSessions === -1 ? 99 : $For_session.item.maxActiveSessions)"},{"action":"assign","name":"Assign_max_alive_time","variable":"$t_num_java_runtime_max_session_alive_time","value":"$t_num_java_runtime_max_session_alive_time + $For_session.item.sessionMaxAliveTime"},{"action":"assign","name":"Assign_current_seesion","variable":"$t_num_java_runtime_current_active_sessions","value":"$t_num_java_runtime_current_active_sessions + $For_session.item.activeSessions"}]},{"action":"assign","name":"Assign_2","variable":"$t_pct_sca_eden_mem_usage","value":"Math.max(\n    $t_pct_sca_eden_mem_usage,\n    (100 * $For_apps.item.Mem[\"Eden Space\"].used / $For_apps.item.Mem[\"Eden Space\"].max)\n)"},{"action":"assign","name":"Assign_2_1","variable":"$t_pct_sca_survivor_usage","value":"Math.max(\n    $t_pct_sca_survivor_usage,\n    (100 * $For_apps.item.Mem[\"Survivor Space\"].used / $For_apps.item.Mem[\"Survivor Space\"].max)\n)"},{"action":"assign","name":"Assign_2_1_1","variable":"$t_pct_sca_old_usage","value":"Math.max(\n    $t_pct_sca_old_usage,\n    (100 * $For_apps.item.Mem[\"Old Gen\"].used / $For_apps.item.Mem[\"Old Gen\"].max)\n)"},{"action":"assign","name":"Assign_3","variable":"$t_pct_sca_thread_usage","value":"Math.max(\n    $t_pct_sca_thread_usage,\n    Number(($For_apps.item.Thread.currentThreadCount / $For_apps.item.Thread.maxThreads)) || 0\n)"},{"action":"assign","name":"Assign_4","variable":"$t_num_sec_session_timeout","value":"Math.max($t_num_sec_session_timeout, $For_apps.item.App.sessionTimeout)"},{"action":"if","name":"If_2","condition":"$For_apps.item.App.requestCount != 0","then":[{"action":"assign","name":"Assign_4_1","variable":"$t_pct_avail_error_rate","value":"Math.max(\n    $t_pct_avail_error_rate,\n    ($For_apps.item.App.errorCount / $For_apps.item.App.requestCount)\n)"}],"else":[]},{"action":"if","name":"If_1","condition":"$For_apps.item.App.useHttpOnly","then":[{"action":"assign","name":"Assign_5","variable":"$t_num_sec_http_only","value":"$t_num_sec_http_only + 1"}],"else":[]},{"action":"if","name":"If_1_1","condition":"$For_apps.item.App.privileged","then":[{"action":"assign","name":"Assign_5_1","variable":"$t_num_root","value":"$t_num_root+1"}],"else":[]},{"action":"foreach","name":"For_GC","list":"$For_apps.item.GC","blocks":[{"action":"if","name":"If_Old_PauseTime","condition":"($t_num_java_runtime_old_pause_time < $For_GC.item.pause_time_sev) && ($For_GC.item.name == \"Old\")","then":[{"action":"assign","name":"Assign_Old_PauseTime","variable":"$t_num_java_runtime_old_pause_time","value":"Math.max($t_num_java_runtime_old_pause_time, $For_GC.item.pause_time_sev)"}],"else":[]},{"action":"if","name":"If_Young_PauseTime","condition":"($t_num_java_runtime_young_pause_time < $For_GC.item.pause_time_sev) && ($For_GC.item.name == \"Young\")","then":[{"action":"assign","name":"Assign_Young_PauseTime","variable":"$t_num_java_runtime_young_pause_time","value":"Math.max($t_num_java_runtime_young_pause_time, $For_GC.item.pause_time_sev)"}],"else":[]}]}]}]}, {"action":"assign","name":"Assign_res","variable":"$result","value":"{\n    \"pct_thread_usage\": $t_pct_sca_thread_usage !== \"\" ? (100 * $t_pct_sca_thread_usage).toFixed(0) : \"0\",\n    \"num_runtime_running_as_root\": $t_num_root !== \"\" ? $t_num_root : \"0\",\n    \"pct_error_rate\": $t_pct_avail_error_rate !== \"\" ? (100 * $t_pct_avail_error_rate).toFixed(0) : \"0\",\n    \"max_session_timeout\": $t_num_sec_session_timeout.toString(),\n    \"num_http_only\": $t_num_sec_http_only.toString(),\n    \"pct_eden_mem_space_usage\": $t_pct_sca_eden_mem_usage !== \"\" ? $t_pct_sca_eden_mem_usage.toFixed(0) : \"0\",\n    \"pct_survivor_mem_space_usage\": $t_pct_sca_survivor_usage !== \"\" ? $t_pct_sca_survivor_usage.toFixed(0) : \"0\",\n    \"pct_mem_old_gen_usage\": $t_pct_sca_old_usage !== \"\" ? $t_pct_sca_old_usage.toFixed(0) : \"0\",\n    \"num_old_pause_time\": $t_num_java_runtime_old_pause_time.toString(),\n    \"num_young_pause_time\": $t_num_java_runtime_young_pause_time.toString(),\n    \"pct_unencrypted_externalized_services\": $t_db_total == 0 ? \"0\" : (100 * ($t_db_insecure / $t_db_total)).toFixed(0).toString(),\n    \"pct_unencrypted_internalized_services\": $t_local_total == 0 ? \"0\" : (100 * ($t_local_insecure / $t_local_total)).toFixed(0).toString(),\n    \"pct_unencrypted_db_services\": $t_external_total == 0 ? \"0\" : (100 * ($t_external_insecure / $t_external_total)).toFixed(0).toString(),\n    \"num_server_on_http\": ($in_tomcat_apps.length - $t_num_java_runtime_server_on_http).toString(),\n    \"num_restarts\": $t_num_java_runtime_restarts.toString(),\n    \"num_rejected_sessions\": $t_num_java_runtime_rejected_sessions.toString(),\n    \"num_persistent_authentication\": $t_num_java_runtime_persistent_authentication.toString(),\n    \"num_400_errors\": $t_num_java_runtime_400_errors.toString(),\n    \"num_401_errors\": $t_num_java_runtime_401_errors.toString(),\n    \"num_403_errors\": $t_num_java_runtime_403_errors.toString(),\n    \"num_4xx_errors\": $t_num_java_runtime_40x_errors.toString(),\n    \"num_max_active_sessions\": $t_num_java_runtime_max_active_sessions.toString(),\n    \"num_current_active_sessions\": $t_num_java_runtime_current_active_sessions.toString(),\n    \"max_session_alive_time\": $t_num_java_runtime_max_session_alive_time.toString()\n}"}, {"action":"assign","name":"Assign_1","variable":"$result[\"component_data\"]","value":"[]"}, {"action":"foreach","name":"for_target_1","list":"$in_tomcat_apps","blocks":[{"name":"Function_Get_facts","function":"var target = $for_target_1.item;\n\nvar cd = {\n    \"target\": target.server.target,\n    \"components\": []\n};\nfunction rand_usage() {  \n    var usage_percents = [80, 85, 90, 95, 99]\n    var randomIndex = Math.floor(Math.random() * usage_percents.length);\n    return usage_percents[randomIndex]\n}\n\nfor (var app of target.apps) {\n    var component = {\n        \"component_name\": app.App.name,\n        \"fact_field_values\": {\n            \"pct_thread_usage_comp\": Number(app.Thread.currentThreadCount / app.Thread.maxThreads),\n            \"pct_server_CPU_usage_comp\": app.Server_metrics.server_cpu,\n            \"pct_server_MEM_usage_comp\": app.Server_metrics.server_mem,\n            \"num_young_pause_time_comp\": 4,\n            \"num_old_pause_time_comp\": 4,\n            \"is_runtime_running_as_root_comp\": app.App.privileged,\n            \"max_session_timeout_comp\": app.App.sessionTimeout,\n            \"max_session_alive_time_comp\": app.Session.sessionMaxAliveTime,\n            \"pct_error_rate_comp\": Number(app.App.errorCount / Math.max(app.App.requestCount, app.App.errorCount, 1) * 100),\n            \"pct_unencrypted_externalized_services_comp\": 100,\n            \"pct_unencrypted_db_service_comp\": 100, // \n            \"num_persistent_authentication_comp\": app.Session.persistAuthentication ? 1 : 0, // app.Session.persistAuthentication Should be bool?\n            \"num_current_active_sessions_comp\": app.Session.activeSessions,\n            \"num_max_active_session_comp\": app.Session.maxActiveSessions,\n            \"num_rejected_session_comp\": app.Session.rejectedSessions\n        }\n    };\n\n    for (var pt of app.GC) {\n        if (pt.name == \"Young\") {\n            component.fact_field_values.num_young_pause_time_comp = pt.pause_time_sev\n        }\n        if (pt.name == \"Old\") {\n            component.fact_field_values.num_old_pause_time_comp = pt.pause_time_sev\n        }\n    };\n\n    var confs = target.conf.filter((e) => e.name.startsWith(app.App.name + \"-\"))\n    var ext_insecure_count = 0;\n    var ext_total_count = 0;\n    var db_insecure_count = 0;\n    var db_total_count = 0;\n    for (var conf of confs) {\n        if (\"db_insecure\" in conf && \"db_secure\" in conf) {\n            db_insecure_count += conf.db_insecure.length\n            db_total_count += conf.db_secure.length + conf.db_insecure.length\n        }\n        if (\"external_insecure\" in conf && \"external_secure\" in conf) {\n            ext_insecure_count += conf.external_insecure.length\n            ext_total_count += conf.external_insecure.length + conf.external_secure.length\n        }\n    }\n\n    if (db_insecure_count  > 0) {\n        component.fact_field_values.pct_unencrypted_db_service_comp = db_insecure_count / db_total_count * 100\n    } else {\n        component.fact_field_values.pct_unencrypted_db_service_comp = 0\n    }\n\n    if (ext_insecure_count > 0) {\n        component.fact_field_values.pct_unencrypted_externalized_services_comp = ext_insecure_count / ext_total_count * 100\n    } else {\n        component.fact_field_values.pct_unencrypted_externalized_services_comp = 0\n    }\n\n    cd.components.push(component);\n}\nif (cd.components.length > 0) {\n    $result[\"component_data\"].push(cd)\n}"},{"name":"Function_Get_facts_fake","function":"var target = $for_target_1.item;\n\nvar cd = {\n    \"target\": target.server.target,\n    \"components\": []\n};\nfunction rand_usage() {  \n    var usage_percents = [80, 85, 90, 95, 99]\n    var randomIndex = Math.floor(Math.random() * usage_percents.length);\n    return usage_percents[randomIndex]\n}\n\nfor (var app of target.apps) {\n    var component = {\n        \"component_name\": app.App.name,\n        \"fact_field_values\": {\n            \"pct_thread_usage_comp\": rand_usage(), // Number(app.Thread.currentThreadCount / app.Thread.maxThreads),\n            \"pct_server_CPU_usage_comp\": rand_usage(),\n            \"pct_server_MEM_usage_comp\": rand_usage(),\n            \"num_young_pause_time_comp\": 6,\n            \"num_old_pause_time_comp\": 6,\n            \"is_runtime_running_as_root_comp\": true, // app.App.privileged\n            \"max_session_timeout_comp\": 41, // app.App.sessionTimeout\n            \"max_session_alive_time_comp\": 41, // app.Session.sessionMaxAliveTime\n            \"pct_error_rate_comp\": rand_usage(), // app.App.errorCount ?\n            \"pct_unencrypted_externalized_services_comp\": rand_usage(),\n            \"pct_unencrypted_db_service_comps\": rand_usage(), // \n            \"num_persistent_authentication_comp\": 2, // app.Session.persistAuthentication Should be bool?\n            \"num_current_active_sessions_comp\": rand_usage(), // app.Session.activeSessions\n            \"num_max_active_sessions_comp\": -1, // app.Session.maxActiveSessions\n            \"num_rejected_session_comps\": rand_usage() // app.Session.rejectedSessions\n        }\n    };\n\n    cd.components.push(component);\n}\nif (cd.components.length > 0) {\n    $result[\"component_data\"].push(cd)\n}","skipped":true}]}, {"action":"if","name":"If_3","breakpoint":"enabled","condition":"$result != null","then":[{"action":"assign","name":"Assign_6","variable":"$success","value":"true"}],"else":[]}],"variables":[{"name":"in_tomcat_apps","required":true,"isInput":true,"isOutput":false,"level":"INTERMEDIATE","type":{"type":"any"},"value":"[{\n    \"server\": {\n        \"target\": \"svl-visa-virtualis1.fyre.ibm.com\",\n\n        \"cmd\": [{\n            \"cmd\": \"uname\",\n            \"result\": [\"Linux\", \"svl-visa-virtualis1.fyre.ibm.com\", \"6.8.0-79-generic\", \"x86_64\"]\n        }, {\n            \"cmd\": \"whoami\",\n            \"result\": [\"root\"]\n        }, {\n            \"cmd\": \"ip\",\n            \"result\": [\"127.0.0.1\", \"10.11.36.216\", \"9.30.147.6\"]\n        }, {\n            \"cmd\": \"Os name\",\n            \"result\": [\"Ubuntu 24.04.2 LTS\", \"Ubuntu\", \"24.04\"]\n        }],\n        \"available\": [\"ps\", \"curl\", \"wc\"],\n\n        \"cred\": {\n            \"target\": \"svl-visa-virtualis1.fyre.ibm.com\",\n            \"cred\": \"ibmconcert/ubuntu_service_account\",\n            \"isConcertVault\": true,\n            \"port\": 22,\n\n            \"tomcat\": {\n                \"fileBased\": false,\n                \"username\": \"manager\",\n                \"password\": \"manager\",\n                \"port\": \"8080\"\n            }\n        }\n    },\n    \"apps\": [{\n        \"App\": {\n            \"name\": \"virtualis\",\n            \"maxTime\": 0,\n            \"paused\": false,\n            \"path\": \"/virtualis-0.0.1-SNAPSHOT\",\n            \"stateName\": \"STARTED\",\n            \"useHttpOnly\": true,\n            \"errorCount\": 0,\n            \"processingTime\": 0,\n            \"privileged\": false,\n            \"cookies\": true,\n            \"requestCount\": 0,\n            \"startupTime\": 70,\n            \"unpackWAR\": true,\n            \"originalDocBase\": \"/opt/tomcat/webapps/virtualis-0.0.1-SNAPSHOT.war\",\n            \"sessionTimeout\": 30,\n            \"version\": \"0.0.1\",\n            \"isUser\": true\n        },\n        \"Mem\": {\n            \"Eden Space\": {\n                \"max\": 355991552,\n                \"used\": 287834112,\n                \"committed\": 287834112,\n                \"init\": 134742016\n            },\n            \"Survivor Space\": {\n                \"max\": 37224448,\n                \"used\": 27249816,\n                \"committed\": 37224448,\n                \"init\": 22020096\n            },\n            \"Old Gen\": {\n                \"max\": 716177408,\n                \"used\": 358022056,\n                \"committed\": 358088704,\n                \"init\": 358088704\n            }\n        },\n        \"Thread\": {\n            \"currentThreadsBusy\": 1,\n            \"paused\": false,\n            \"selectorTimeout\": 1000,\n            \"connectionCount\": 2,\n            \"acceptCount\": 100,\n            \"threadPriority\": 5,\n            \"executorTerminationTimeoutMillis\": 5000,\n            \"running\": true,\n            \"portWithOffset\": 8080,\n            \"currentThreadCount\": 10,\n            \"sSLEnabled\": false,\n            \"sniParseLimit\": 65536,\n            \"maxThreads\": 200,\n            \"connectionTimeout\": 20000,\n            \"tcpNoDelay\": true,\n            \"maxConnections\": 8192,\n            \"connectionLinger\": -1,\n            \"keepAliveCount\": 1,\n            \"keepAliveTimeout\": 20000,\n            \"maxKeepAliveRequests\": 100,\n            \"localPort\": 8080,\n            \"useSendfile\": true,\n            \"daemon\": true,\n            \"minSpareThreads\": 10,\n            \"useInheritedChannel\": false,\n            \"acceptorThreadPriority\": 5,\n            \"bindOnInit\": true,\n            \"pollerThreadPriority\": 5\n        },\n        \"Session\": [{\n            \"rejectedSessions\": 0,\n            \"persistAuthentication\": false,\n            \"maxActiveSessions\": -1,\n            \"expiredSessions\": 0,\n            \"activeSessions\": 0,\n            \"sessionMaxAliveTime\": 0,\n            \"maxActive\": 0,\n            \"isUser\": true\n        }],\n        \"GC\": [{\n            \"name\": \"Young\",\n            \"pause_time_sev\": 1\n        }, {\n            \"name\": \"Old\",\n            \"pause_time_sev\": 4\n        }],\n        \"restart\": 0,\n        \"isUser\": true,\n\n        \"Server_metrics\": {\n            \"server_cpu\": 0.13,\n            \"server_mem\": 0.77\n        }\n    }],\n    \"logs\": {\n        \"count_400\": 0,\n        \"count_401\": 0,\n        \"count_403\": 0,\n        \"count_404\": 0,\n        \"count_40X\": 0\n    },\n    \"conf\": [{\n        \"name\": \"virtualis-0.0.1-SNAPSHOT\",\n        \"filename\": \"/opt/tomcat/webapps/virtualis-0.0.1-SNAPSHOT/WEB-INF/classes/application.properties\",\n        \"local_secure\": [],\n        \"local_insecure\": [],\n        \"external_secure\": [],\n        \"external_insecure\": [],\n        \"db_secure\": [],\n\n        \"db_insecure\": [{\n            \"url\": \"jdbc:postgresql://svl-visa-db1.fyre.ibm.com:5432/postgres\",\n            \"useSSL\": false,\n            \"app\": \"spring.datasource\"\n        }]\n    }],\n    \"ssl\": [{\n        \"port\": \"8080\",\n        \"protocol\": \"HTTP/1.1\",\n        \"SSLEnabled\": false,\n        \"connectionTimeout\": \"20000\",\n        \"redirectPort\": \"8443\"\n    }]\n}, {\n    \"server\": {\n        \"target\": \"svl-visa-core1.fyre.ibm.com\",\n\n        \"cmd\": [{\n            \"cmd\": \"uname\",\n            \"result\": [\"Linux\", \"svl-visa-core1.fyre.ibm.com\", \"6.8.0-79-generic\", \"x86_64\"]\n        }, {\n            \"cmd\": \"whoami\",\n            \"result\": [\"root\"]\n        }, {\n            \"cmd\": \"ip\",\n            \"result\": [\"127.0.0.1\", \"10.11.35.127\", \"9.30.118.190\"]\n        }, {\n            \"cmd\": \"Os name\",\n            \"result\": [\"Ubuntu 24.04.2 LTS\", \"Ubuntu\", \"24.04\"]\n        }],\n        \"available\": [\"ps\", \"curl\", \"wc\"],\n\n        \"cred\": {\n            \"target\": \"svl-visa-core1.fyre.ibm.com\",\n            \"cred\": \"ibmconcert/ubuntu_service_account\",\n            \"isConcertVault\": true,\n            \"port\": 22,\n\n            \"tomcat\": {\n                \"fileBased\": false,\n                \"username\": \"manager\",\n                \"password\": \"manager\",\n                \"port\": \"8080\"\n            }\n        }\n    },\n    \"apps\": [],\n\n    \"logs\": {\n        \"count_400\": 0,\n        \"count_401\": 0,\n        \"count_403\": 0,\n        \"count_404\": 0,\n        \"count_40X\": 0\n    },\n    \"conf\": [],\n    \"ssl\": []\n}, {\n    \"server\": {\n        \"target\": \"svl-visa-notification1.fyre.ibm.com\",\n\n        \"cmd\": [{\n            \"cmd\": \"uname\",\n\n            \"result\": [\n                \"Linux\",\n                \"svl-visa-notification1.fyre.ibm.com\",\n                \"6.8.0-79-generic\",\n                \"x86_64\"\n            ]\n        }, {\n            \"cmd\": \"whoami\",\n            \"result\": [\"root\"]\n        }, {\n            \"cmd\": \"ip\",\n            \"result\": [\"127.0.0.1\", \"10.11.65.83\", \"9.30.34.164\"]\n        }, {\n            \"cmd\": \"Os name\",\n            \"result\": [\"Ubuntu 24.04.2 LTS\", \"Ubuntu\", \"24.04\"]\n        }],\n        \"available\": [\"ps\", \"curl\", \"wc\"],\n\n        \"cred\": {\n            \"target\": \"svl-visa-notification1.fyre.ibm.com\",\n            \"cred\": \"ibmconcert/ubuntu_service_account\",\n            \"isConcertVault\": true,\n\n            \"tomcat\": {\n                \"fileBased\": false,\n                \"username\": \"jmx\",\n                \"password\": \"toto\",\n                \"port\": \"8080\"\n            },\n            \"port\": 22\n        }\n    },\n    \"apps\": [{\n        \"App\": {\n            \"name\": \"notification\",\n            \"maxTime\": 0,\n            \"paused\": false,\n            \"path\": \"/notification-0.0.1-SNAPSHOT\",\n            \"stateName\": \"STARTED\",\n            \"useHttpOnly\": true,\n            \"errorCount\": 0,\n            \"processingTime\": 0,\n            \"privileged\": false,\n            \"cookies\": true,\n            \"requestCount\": 0,\n            \"startupTime\": 43,\n            \"unpackWAR\": true,\n            \"originalDocBase\": \"/opt/tomcat/webapps/notification-0.0.1-SNAPSHOT.war\",\n            \"sessionTimeout\": 30,\n            \"version\": \"0.0.1\",\n            \"isUser\": true\n        },\n        \"Mem\": {\n            \"Eden Space\": {\n                \"max\": 355991552,\n                \"used\": 283115520,\n                \"committed\": 283115520,\n                \"init\": 134742016\n            },\n            \"Survivor Space\": {\n                \"max\": 38797312,\n                \"used\": 29347904,\n                \"committed\": 38797312,\n                \"init\": 22020096\n            },\n            \"Old Gen\": {\n                \"max\": 716177408,\n                \"used\": 215209976,\n                \"committed\": 358088704,\n                \"init\": 358088704\n            }\n        },\n        \"Thread\": {\n            \"currentThreadsBusy\": 1,\n            \"paused\": false,\n            \"selectorTimeout\": 1000,\n            \"connectionCount\": 2,\n            \"acceptCount\": 100,\n            \"threadPriority\": 5,\n            \"executorTerminationTimeoutMillis\": 5000,\n            \"running\": true,\n            \"portWithOffset\": 8080,\n            \"currentThreadCount\": 10,\n            \"sSLEnabled\": false,\n            \"sniParseLimit\": 65536,\n            \"maxThreads\": 200,\n            \"connectionTimeout\": 20000,\n            \"tcpNoDelay\": true,\n            \"maxConnections\": 8192,\n            \"connectionLinger\": -1,\n            \"keepAliveCount\": 1,\n            \"keepAliveTimeout\": 20000,\n            \"maxKeepAliveRequests\": 100,\n            \"localPort\": 8080,\n            \"useSendfile\": true,\n            \"daemon\": true,\n            \"minSpareThreads\": 10,\n            \"useInheritedChannel\": false,\n            \"acceptorThreadPriority\": 5,\n            \"bindOnInit\": true,\n            \"pollerThreadPriority\": 5\n        },\n        \"Session\": [{\n            \"rejectedSessions\": 0,\n            \"persistAuthentication\": false,\n            \"maxActiveSessions\": -1,\n            \"expiredSessions\": 0,\n            \"activeSessions\": 0,\n            \"sessionMaxAliveTime\": 0,\n            \"maxActive\": 0,\n            \"isUser\": true\n        }],\n        \"GC\": [{\n            \"name\": \"Young\",\n            \"pause_time_sev\": 1\n        }, {\n            \"name\": \"Old\",\n            \"pause_time_sev\": 2\n        }],\n        \"restart\": 0,\n        \"isUser\": true,\n\n        \"Server_metrics\": {\n            \"server_cpu\": 0.16,\n            \"server_mem\": 0.77\n        }\n    }],\n    \"logs\": {\n        \"count_400\": 0,\n        \"count_401\": 0,\n        \"count_403\": 0,\n        \"count_404\": 0,\n        \"count_40X\": 0\n    },\n    \"conf\": [{\n        \"name\": \"notification-0.0.1-SNAPSHOT\",\n        \"filename\": \"/opt/tomcat/webapps/notification-0.0.1-SNAPSHOT/WEB-INF/classes/application.properties\",\n        \"local_secure\": [],\n        \"local_insecure\": [],\n        \"external_secure\": [],\n        \"external_insecure\": [],\n        \"db_secure\": [],\n\n        \"db_insecure\": [{\n            \"url\": \"jdbc:h2:mem:notif-db\",\n            \"useSSL\": false,\n            \"app\": \"spring.datasource\"\n        }]\n    }],\n    \"ssl\": [{\n        \"port\": \"8080\",\n        \"protocol\": \"HTTP/1.1\",\n        \"SSLEnabled\": false,\n        \"connectionTimeout\": \"20000\",\n        \"redirectPort\": \"8443\"\n    }, {\n        \"port\": \"8443\",\n        \"protocol\": \"org.apache.coyote.http11.Http11NioProtocol\",\n        \"SSLEnabled\": true,\n        \"maxThreads\": \"100\"\n    }]\n}, {\n    \"server\": {\n        \"target\": \"svl-visa-notif-rhel1.fyre.ibm.com\",\n\n        \"cmd\": [{\n            \"cmd\": \"uname\",\n\n            \"result\": [\n                \"Linux\",\n                \"svl-visa-notif-rhel1.fyre.ibm.com\",\n                \"5.14.0-570.39.1.el9_6.x86_64\",\n                \"x86_64\"\n            ]\n        }, {\n            \"cmd\": \"whoami\",\n            \"result\": [\"svcuser\"]\n        }, {\n            \"cmd\": \"ip\",\n            \"result\": [\"127.0.0.1\", \"10.11.39.214\", \"9.30.146.204\"]\n        }, {\n            \"cmd\": \"Os name\",\n            \"result\": [\"Red Hat Enterprise Linux\", \"9.6\", \"Red Hat Enterprise Linux 9.6 (Plow)\"]\n        }],\n        \"available\": [\"ps\", \"curl\", \"wc\"],\n\n        \"cred\": {\n            \"target\": \"svl-visa-notif-rhel1.fyre.ibm.com\",\n            \"cred\": \"ibmconcert/rhel_service_account\",\n            \"isConcertVault\": true,\n            \"port\": 22,\n\n            \"tomcat\": {\n                \"fileBased\": false,\n                \"username\": \"robot\",\n                \"password\": \"jmxpass\",\n                \"port\": \"8234\"\n            }\n        }\n    },\n    \"apps\": [{\n        \"App\": {\n            \"name\": \"balance\",\n            \"maxTime\": 0,\n            \"paused\": false,\n            \"path\": \"/balance-0.0.1-SNAPSHOT\",\n            \"stateName\": \"STARTED\",\n            \"useHttpOnly\": true,\n            \"errorCount\": 0,\n            \"processingTime\": 0,\n            \"privileged\": false,\n            \"cookies\": true,\n            \"requestCount\": 0,\n            \"startupTime\": 19,\n            \"unpackWAR\": true,\n            \"originalDocBase\": \"/usr/local/tomcat10/webapps/balance-0.0.1-SNAPSHOT.war\",\n            \"sessionTimeout\": 30,\n            \"version\": \"0.0.1\",\n            \"isUser\": true\n        },\n        \"Mem\": {\n            \"Eden Space\": {\n                \"max\": -1,\n                \"used\": 320864256,\n                \"committed\": 337641472,\n                \"init\": 28311552\n            },\n            \"Survivor Space\": {\n                \"max\": -1,\n                \"used\": 28306136,\n                \"committed\": 28311552,\n                \"init\": 0\n            },\n            \"Old Gen\": {\n                \"max\": 1073741824,\n                \"used\": 20926976,\n                \"committed\": 510656512,\n                \"init\": 508559360\n            }\n        },\n        \"Thread\": {\n            \"currentThreadsBusy\": 1,\n            \"paused\": false,\n            \"selectorTimeout\": 1000,\n            \"connectionCount\": 2,\n            \"acceptCount\": 100,\n            \"threadPriority\": 5,\n            \"executorTerminationTimeoutMillis\": 5000,\n            \"running\": true,\n            \"portWithOffset\": 8234,\n            \"currentThreadCount\": 10,\n            \"sSLEnabled\": false,\n            \"sniParseLimit\": 65536,\n            \"maxThreads\": 200,\n            \"connectionTimeout\": 20000,\n            \"tcpNoDelay\": true,\n            \"maxConnections\": 8192,\n            \"connectionLinger\": -1,\n            \"keepAliveCount\": 1,\n            \"keepAliveTimeout\": 20000,\n            \"maxKeepAliveRequests\": 100,\n            \"localPort\": 8234,\n            \"useSendfile\": true,\n            \"daemon\": true,\n            \"minSpareThreads\": 10,\n            \"useInheritedChannel\": false,\n            \"acceptorThreadPriority\": 5,\n            \"bindOnInit\": true,\n            \"pollerThreadPriority\": 5\n        },\n        \"Session\": [],\n\n        \"GC\": [{\n            \"name\": \"Young\",\n            \"pause_time_sev\": 1\n        }, {\n            \"name\": \"Old\",\n            \"pause_time_sev\": 1\n        }],\n        \"restart\": 0,\n        \"isUser\": true,\n\n        \"Server_metrics\": {\n            \"server_cpu\": 0.015,\n            \"server_mem\": 0.12\n        }\n    }],\n    \"logs\": [],\n\n    \"conf\": [{\n        \"name\": \"balance-0.0.1-SNAPSHOT\",\n        \"filename\": \"/usr/local/tomcat10/webapps/balance-0.0.1-SNAPSHOT/WEB-INF/classes/application.properties\",\n        \"local_secure\": [],\n        \"local_insecure\": [],\n        \"external_secure\": [],\n        \"external_insecure\": [],\n        \"db_secure\": [],\n\n        \"db_insecure\": [{\n            \"url\": \"jdbc:h2:mem:notif-db\",\n            \"useSSL\": false,\n            \"app\": \"spring.datasource\"\n        }]\n    }],\n    \"ssl\": [{\n        \"port\": \"8234\",\n        \"protocol\": \"HTTP/1.1\",\n        \"SSLEnabled\": false,\n        \"connectionTimeout\": \"20000\",\n        \"redirectPort\": \"8443\"\n    }]\n}]"},{"name":"in_fileBased","required":true,"isInput":true,"isOutput":false,"level":"INTERMEDIATE","type":{"type":"boolean"},"value":"false"},{"name":"result","required":false,"isInput":false,"isOutput":true,"level":"INTERMEDIATE","type":{"type":"any"},"value":"\"\""},{"name":"success","required":false,"isInput":false,"isOutput":true,"level":"INTERMEDIATE","type":{"type":"boolean"},"value":"false"},{"name":"debug","required":false,"isInput":false,"isOutput":true,"level":"INTERMEDIATE","type":{"type":"array"},"value":"[]"},{"name":"error","required":false,"isInput":false,"isOutput":true,"level":"INTERMEDIATE","type":{"type":"array"},"value":"[]"},{"name":"t_pct_sca_eden_mem_usage","required":false,"isInput":false,"isOutput":false,"level":"INTERMEDIATE","type":{"type":"any"},"value":"\"\""},{"name":"t_pct_sca_survivor_usage","required":false,"isInput":false,"isOutput":false,"level":"INTERMEDIATE","type":{"type":"any"},"value":"\"\""},{"name":"t_pct_sca_old_usage","required":false,"isInput":false,"isOutput":false,"level":"INTERMEDIATE","type":{"type":"any"},"value":"\"\""},{"name":"t_pct_sca_thread_usage","required":false,"isInput":false,"isOutput":false,"level":"INTERMEDIATE","type":{"type":"any"},"value":"\"\""},{"name":"t_pct_avail_error_rate","required":false,"isInput":false,"isOutput":false,"level":"INTERMEDIATE","type":{"type":"any"},"value":"0"},{"name":"t_num_root","required":false,"isInput":false,"isOutput":false,"level":"INTERMEDIATE","type":{"type":"any"},"value":"\"\""},{"name":"t_num_sec_session_timeout","required":false,"isInput":false,"isOutput":false,"level":"INTERMEDIATE","type":{"type":"any"},"value":"0"},{"name":"t_num_sec_http_only","required":false,"isInput":false,"isOutput":false,"level":"INTERMEDIATE","type":{"type":"any"},"value":"0"},{"name":"t_num_java_runtime_400_errors","required":false,"isInput":false,"isOutput":false,"level":"INTERMEDIATE","type":{"type":"number"},"value":"0"},{"name":"t_num_java_runtime_401_errors","required":false,"isInput":false,"isOutput":false,"level":"INTERMEDIATE","type":{"type":"number"},"value":"0"},{"name":"t_num_java_runtime_403_errors","required":false,"isInput":false,"isOutput":false,"level":"INTERMEDIATE","type":{"type":"number"},"value":"0"},{"name":"t_num_java_runtime_40x_errors","required":false,"isInput":false,"isOutput":false,"level":"INTERMEDIATE","type":{"type":"number"},"value":"0"},{"name":"t_num_java_runtime_max_session_alive_time","required":false,"isInput":false,"isOutput":false,"level":"INTERMEDIATE","type":{"type":"number"},"value":"0"},{"name":"t_num_java_runtime_current_active_sessions","required":false,"isInput":false,"isOutput":false,"level":"INTERMEDIATE","type":{"type":"number"},"value":"0"},{"name":"t_num_java_runtime_max_active_sessions","required":false,"isInput":false,"isOutput":false,"level":"INTERMEDIATE","type":{"type":"number"},"value":"0"},{"name":"t_num_java_runtime_persistent_authentication","required":false,"isInput":false,"isOutput":false,"level":"INTERMEDIATE","type":{"type":"number"},"value":"0"},{"name":"t_num_java_runtime_rejected_sessions","required":false,"isInput":false,"isOutput":false,"level":"INTERMEDIATE","type":{"type":"number"},"value":"0"},{"name":"t_num_java_runtime_young_pause_time","required":false,"isInput":false,"isOutput":false,"level":"INTERMEDIATE","type":{"type":"number"},"value":"0"},{"name":"t_num_java_runtime_old_pause_time","required":false,"isInput":false,"isOutput":false,"level":"INTERMEDIATE","type":{"type":"number"},"value":"0"},{"name":"t_local_total","required":false,"isInput":false,"isOutput":false,"level":"INTERMEDIATE","type":{"type":"number"},"value":"0"},{"name":"t_local_insecure","required":false,"isInput":false,"isOutput":false,"level":"INTERMEDIATE","type":{"type":"number"},"value":"0"},{"name":"t_external_total","required":false,"isInput":false,"isOutput":false,"level":"INTERMEDIATE","type":{"type":"number"},"value":"0"},{"name":"t_external_insecure","required":false,"isInput":false,"isOutput":false,"level":"INTERMEDIATE","type":{"type":"number"},"value":"0"},{"name":"t_db_total","required":false,"isInput":false,"isOutput":false,"level":"INTERMEDIATE","type":{"type":"number"},"value":"0"},{"name":"t_db_insecure","required":false,"isInput":false,"isOutput":false,"level":"INTERMEDIATE","type":{"type":"number"},"value":"0"},{"name":"t_num_java_runtime_restarts","required":false,"isInput":false,"isOutput":false,"level":"INTERMEDIATE","type":{"type":"number"},"value":"0"},{"name":"t_num_java_runtime_server_on_http","required":false,"isInput":false,"isOutput":false,"level":"INTERMEDIATE","type":{"type":"number"},"value":"0"}],"meta":{"workerGroup":"default","created":1756865506185,"lastUpdated":1757606154869,"layout":"flow","updatedByUsername":"ibmconcert","numberOfBlocks":39,"version":5},"finally":null}