{"name":"3 - sel_tool_create_sbom","platform":"node","hash":"79jaG8pKqHdz8DDhygDpoGBcJj91Yf5wGdN0w2LgLLU=","blocks":[{"action":"assign","name":"asgn_applicationName","variable":"$t_applicationName","value":"$in_application.app_name"}, {"action":"assign","name":"asgn_applicationVersion","variable":"$t_applicationVersion","value":"$in_application.version"}, {"action":"assign","name":"asgn_deployNumber","variable":"$t_deployNumber","value":"$in_application.deploy_number"}, {"action":"assign","name":"asgn_environment","variable":"$t_environment","value":"$in_application.environment"}, {"action":"assign","name":"asgn_template","variable":"$result","value":"{\n    \"build\": [],\n\n    \"app\": {\n        \"bomFormat\": \"ConcertDef\",\n        \"specVersion\": \"1.0.2\",\n\n        \"metadata\": {\n            \"timestamp\": \"\",\n            \"type\": \"application\",\n\n            \"component\": {\n                \"name\": $t_applicationName,\n                \"version\": $t_applicationVersion\n            }\n        },\n        \"runtime-components\": [],\n        \"environments\": [{\n            \"bom-ref\": `environment:${$t_environment}`,\n            \"name\": $t_environment,\n            \"type\": \"environment\",\n            \"access-points\": []\n        }],\n        \"properties\": [{\n            \"name\": \"application_criticality\",\n            \"value\": $in_application_criticality\n        }, {\n            \"name\": \"application_data_assessment_impact_risk\",\n            \"value\": $in_application_data_assessment_impact_risk\n        }],\n        \"components\": [],\n        \"services\": [],\n        \"dependencies\": []\n    },\n    \"deploy\": {\n        \"bomFormat\": \"ConcertDef\",\n        \"specVersion\": \"1.0.2\",\n\n        \"metadata\": {\n            \"timestamp\": \"\",\n            \"type\": \"deploy\",\n            \"environment\": $t_environment,\n\n            \"component\": {\n                \"name\": $t_applicationName,\n                \"version\": $t_applicationVersion,\n                \"deploy-number\": $t_deployNumber\n            }\n        },\n        \"components\": [],\n        \"runtime-components\": [],\n        \"services\": [],\n        \"dependencies\": []\n    },\n    \"CycloneDX\": []\n}"}, {"action":"foreach","name":"for_tomcatInSystems","list":"$in_input.tomcat","blocks":[{"name":"split_SBOMTypes","action":"split","branches":[{"blocks":[{"action":"comment","value":"App SBOM\n"},{"action":"foreach","name":"for_appInTomcat_0","list":"$for_tomcatInSystems.item.apps","blocks":[{"name":"func_createAppSBOM","function":"function makeBlueprintLibrary(name, version) {\n    const bpl = {\n        \"bom-ref\": `library:${name}`,\n        \"type\": \"library\",\n        \"name\": name,\n        \"version\": version\n    };\n\n    return bpl;\n};\n\nfunction makeBlueprintBuild(name, version) {\n    const bpb = {\n        \"bom-ref\": `build:${name}`,\n        \"type\": \"build\",\n        \"name\": name,\n        \"version\": version,\n        \"components\": []\n    };\n\n    var bpl = makeBlueprintLibrary(name, version);\n    bpb.components.push(bpl);\n    return bpb;\n}\n\nfunction makeAppService(name, path) {\n    var as = {\n        \"bom-ref\": `service:${name}`,\n        \"name\": name,\n        \"endpoints\": [path],\n\n        \"properties\": [{\n            \"name\": \"network_exposure\",\n            \"value\": \"public\"\n        }]\n    };\n\n    return as;\n}\n\nfunction makeDependency(name) {\n    var d = {\n        \"ref\": `library:${name}`,\n        \"dependsOn\": [`service:${name}`]\n    };\n\n    return d;\n}\n\nvar app = $for_appInTomcat_0.item.App;\nvar name = app.name;\nvar version = app.version;\nvar path = app.path;\n//var bpb = makeBlueprintBuild(name, version);\n//$result.app.components.push(bpb);\nvar as = makeAppService(name, path);\n$result.app.services.push(as);\nvar d = makeDependency(name);\n$result.app.dependencies.push(d)"}]}]},{"blocks":[{"action":"comment","value":"Build SBOM"},{"action":"foreach","name":"for_appInTomcat","list":"$for_tomcatInSystems.item.apps","blocks":[{"name":"func_makeBuildSBOMs","function":"function makeBuildSBOM(\n    applicationName,\n    applicationVersion,\n    name,\n    version,\n    originalDocBase,\n    unpackWAR\n) {\n    var build_sbom = {\n        \"specVersion\": \"1.0.2\",\n        \"bomFormat\": \"ConcertDef\",\n\n        \"metadata\": {\n            \"timestamp\": \"\",\n            \"type\": \"build\",\n\n            \"component\": {\n                \"name\": applicationName,\n                \"version\": applicationVersion,\n                \"build-number\": \"0\"\n            }\n        },\n        \"components\": [{\n            \"bom-ref\": `library:${name}`,\n            \"type\": \"library\",\n            \"name\": name,\n            \"version\": version,\n            \"filename\": originalDocBase,\n            \"purl\": `library:${originalDocBase}`\n        }]\n    };\n\n    if (unpackWAR) {\n        build_sbom.components[0][\"scope\"] = \"war\";\n    }\n\n    return build_sbom;\n};\n\nvar input = $for_appInTomcat.item;\nvar app = input.App;\n\nvar bl = makeBuildSBOM(\n    $t_applicationName,\n    $t_applicationVersion,\n    app.name,\n    app.version,\n    app.originalDocBase,\n    app.unpackWAR\n);\n\n$result.build.push(bl)"}]}]},{"blocks":[{"action":"comment","value":"Deploy SBOM"},{"name":"func_createDeploySBOMBase","function":"function makeObjectLibrary(name, version, originalDocBase) {\n    var filename = originalDocBase.split(\"/\").slice(-1)[0];\n\n    var ol = {\n        \"bom-ref\": `library:${name}`,\n        \"type\": \"library\",\n        \"name\": name,\n        \"version\": version,\n        \"filename\": filename,\n        \"purl\": `library:${originalDocBase}`\n    };\n\n    return ol;\n};\n\nfunction makeRuntimeComponentVM(target, ips, apps) {\n    var rcv = {\n        \"bom-ref\": `vm:${target}`,\n        \"type\": \"vm\",\n        \"name\": target,\n        \"ipv4\": [],\n        \"hostname\": target,\n        \"components\": [],\n\n        \"properties\": [{\n            \"name\": \"vm_id\",\n            \"value\": \"0000-0000-0000-0000\"\n        }, {\n            \"name\": \"os\",\n            \"value\": \"ubuntu\"\n        }, {\n            \"name\": \"os_version\",\n            \"value\": \"9.37\"\n        }, {\n            \"name\": \"env_type\",\n            \"value\": \"VM\"\n        }, {\n            \"name\": \"server_description\",\n            \"value\": \"This is a Java-based web application running on the Apache Tomcat server. It uses Tomcat as the servlet container to process HTTP requests and responses, making it a reliable platform for deploying and managing web applications.\"\n        }]\n    };\n\n    for (const ip of ips) {\n        rcv.ipv4.push({\n            \"addr\": `${ip}`\n        });\n    }\n\n    for (var app of apps) {\n        app = app.App;\n        var ol = makeObjectLibrary(app.name, app.version, app.originalDocBase);\n        rcv.components.push(ol);\n    }\n\n    return rcv;\n}\n\nfunction makeEnvDependency(target, environment) {\n    const d = {\n        \"ref\": `library:${target}`,\n        \"dependsOn\": [`environment:${environment}`]\n    };\n\n    return d;\n}\n\nfunction pushEnvDependency(result, environment, target) {\n    var env = result.app.dependencies.find(e => e.ref === `environment:${environment}`);\n\n    if (env == undefined) {\n        env = {\n            \"ref\": `environment:${environment}`,\n            \"dependsOn\": [`vm:${target}`]\n        };\n\n        result.app.dependencies.push(env);\n    } else {\n        env.dependsOn.push(`vm:${target}`);\n    }\n}\n\nvar input = $for_tomcatInSystems.item;\nvar server = input.server;\nvar apps = input.apps;\nvar tgt = server.target;\nvar ips = server.cmd.find(c => c.cmd === \"ip\").result;\n\nif (ips === null) {\n    ips = [];\n}\n\nvar rcv = makeRuntimeComponentVM(tgt, ips, apps);\n\nif (rcv.components.length > -1) {\n    $result.app[\"runtime-components\"].push(rcv);\n    pushEnvDependency($result, $t_environment, tgt);\n}"},{"action":"foreach","name":"for_appInTomcat_1","list":"$for_tomcatInSystems.item.apps","blocks":[{"name":"func_addAppToDeploySBOM","function":"function makeObjectCode(name, originalDocBase) {\n    const oc = {\n        \"bom-ref\": `code:${name}`,\n        \"type\": \"code\",\n        \"name\": name,\n        \"purl\": `library:${originalDocBase}`\n    };\n\n    return oc;\n};\n\nfunction makeDeployService(name, url, port) {\n    const ds = {\n        \"ref\": `service:${name}`,\n        \"base-url\": `http://${url}`,\n        \"port\": port\n    };\n\n    return ds;\n}\n\nfunction makeDependency(name) {\n    const d = {\n        \"ref\": `library:${name}`,\n        \"dependsOn\": [`service:${name}`]\n    };\n\n    return d;\n}\n\nvar app = $for_appInTomcat_1.item.App;\nvar ssl = $for_tomcatInSystems.item.ssl;\nvar server = $for_tomcatInSystems.item.server;\nvar port = -1;\n\nif (ssl.length > 0) {\n    port = parseInt(ssl[0].port);\n}\n\nvar env = $result.app.environments.find(e => e[\"bom-ref\"] == `environment:${$t_environment}`);\n\nif (env != undefined && port > -1) {\n    const ds = makeDeployService(app.name, server.target, port);\n    env[\"access-points\"].push(ds);\n}"}]}]},{"blocks":[{"action":"comment","value":"CycloneDX Sbom"},{"action":"if","name":"If_cyclone","condition":"$in_include_cycloneDx","then":[{"action":"foreach","name":"for_app_in_tomcat2","list":"$for_tomcatInSystems.item.apps","blocks":[{"action":"if","name":"If_1","condition":"$for_app_in_tomcat2.item.Lib.length === 0","then":[{"action":"continue"}],"else":[]},{"action":"system/Common/Cryptography/Random UUID v4","name":"uuid"},{"action":"system/Common/DateTime/Timestamp Now","name":"time"},{"name":"Function_1","function":"function makeCycloneDXSBOM(version, uuid) {\n    const template = {\n        \"bomFormat\": \"CycloneDX\",\n        \"specVersion\": \"1.6\",\n        \"serialNumber\": uuid,\n        \"version\": version,\n        \"metadata\": {},\n        \"components\": []\n    };\n\n    return template;\n};\n\nfunction makeComponent(name, version, purl, components) {\n    var component = {\n        \"bom-ref\": `library:${name}`,\n        \"type\": \"library\",\n        \"name\": name,\n        \"version\": version,\n        \"components\": components,\n        \"purl\": purl\n    };\n\n    return component;\n}\n\nconst app = $for_app_in_tomcat2.item.App;\nconst libs = $for_app_in_tomcat2.item.Lib;\nconst version_time = $time.result;\nconst uuid = $uuid.result;\nvar bom = makeCycloneDXSBOM(version_time, uuid);\nbom.metadata.component = makeComponent(app.name, app.version, null, []);\n\nfor (var lib of libs) {\n    var component = makeComponent(lib.name, lib.version, lib.purl, []);\n    bom.components.push(component);\n}\n\n$result.CycloneDX.push(bom)"}]}],"else":[]}]}]}]}, {"name":"asgn_setTimestamp","function":"var ts = new Date(Date.now())\nvar ts = ts.toISOString()\n\nfor (const build_sbom of $result.build) {\n    build_sbom.metadata.timestamp = ts\n}\n\n$result.app.metadata.timestamp = ts\n$result.deploy.metadata.timestamp = ts"}, {"action":"assign","name":"asgn_Success","variable":"$success","value":"true"}],"variables":[{"name":"in_input","required":true,"isInput":true,"isOutput":false,"level":"INTERMEDIATE","type":{"type":"object"},"value":"{\n    \"tomcat\": [{\n        \"server\": {\n            \"target\": \"svl-visa-virtualis1.fyre.ibm.com\",\n\n            \"cmd\": [{\n                \"cmd\": \"uname\",\n                \"result\": [\"Linux\", \"svl-visa-virtualis1.fyre.ibm.com\", \"6.8.0-79-generic\", \"x86_64\"]\n            }, {\n                \"cmd\": \"whoami\",\n                \"result\": [\"root\"]\n            }, {\n                \"cmd\": \"ip\",\n                \"result\": [\"127.0.0.1\", \"10.11.36.216\", \"9.30.147.6\"]\n            }, {\n                \"cmd\": \"Os name\",\n                \"result\": [\"Ubuntu 24.04.2 LTS\", \"Ubuntu\", \"24.04\"]\n            }],\n            \"available\": [\"ps\", \"curl\", \"wc\"],\n\n            \"cred\": {\n                \"target\": \"svl-visa-virtualis1.fyre.ibm.com\",\n                \"cred\": \"ibmconcert/ubuntu_service_account\",\n                \"isConcertVault\": true,\n                \"port\": 22,\n\n                \"tomcat\": {\n                    \"fileBased\": false,\n                    \"username\": \"manager\",\n                    \"password\": \"manager\",\n                    \"port\": \"8080\"\n                }\n            }\n        },\n        \"apps\": [{\n            \"App\": {\n                \"name\": \"virtualis\",\n                \"maxTime\": 0,\n                \"paused\": false,\n                \"path\": \"/virtualis-0.0.1-SNAPSHOT\",\n                \"stateName\": \"STARTED\",\n                \"useHttpOnly\": true,\n                \"errorCount\": 0,\n                \"processingTime\": 0,\n                \"privileged\": false,\n                \"cookies\": true,\n                \"requestCount\": 0,\n                \"startupTime\": 70,\n                \"unpackWAR\": true,\n                \"originalDocBase\": \"/opt/tomcat/webapps/virtualis-0.0.1-SNAPSHOT.war\",\n                \"sessionTimeout\": 30,\n                \"version\": \"0.0.1\",\n                \"isUser\": true\n            },\n            \"Mem\": {\n                \"Eden Space\": {\n                    \"max\": 355991552,\n                    \"used\": 287834112,\n                    \"committed\": 287834112,\n                    \"init\": 134742016\n                },\n                \"Survivor Space\": {\n                    \"max\": 37224448,\n                    \"used\": 27249816,\n                    \"committed\": 37224448,\n                    \"init\": 22020096\n                },\n                \"Old Gen\": {\n                    \"max\": 716177408,\n                    \"used\": 358022056,\n                    \"committed\": 358088704,\n                    \"init\": 358088704\n                }\n            },\n            \"Thread\": {\n                \"currentThreadsBusy\": 1,\n                \"paused\": false,\n                \"selectorTimeout\": 1000,\n                \"connectionCount\": 2,\n                \"acceptCount\": 100,\n                \"threadPriority\": 5,\n                \"executorTerminationTimeoutMillis\": 5000,\n                \"running\": true,\n                \"portWithOffset\": 8080,\n                \"currentThreadCount\": 10,\n                \"sSLEnabled\": false,\n                \"sniParseLimit\": 65536,\n                \"maxThreads\": 200,\n                \"connectionTimeout\": 20000,\n                \"tcpNoDelay\": true,\n                \"maxConnections\": 8192,\n                \"connectionLinger\": -1,\n                \"keepAliveCount\": 1,\n                \"keepAliveTimeout\": 20000,\n                \"maxKeepAliveRequests\": 100,\n                \"localPort\": 8080,\n                \"useSendfile\": true,\n                \"daemon\": true,\n                \"minSpareThreads\": 10,\n                \"useInheritedChannel\": false,\n                \"acceptorThreadPriority\": 5,\n                \"bindOnInit\": true,\n                \"pollerThreadPriority\": 5\n            },\n            \"Session\": [{\n                \"rejectedSessions\": 0,\n                \"persistAuthentication\": false,\n                \"maxActiveSessions\": -1,\n                \"expiredSessions\": 0,\n                \"activeSessions\": 0,\n                \"sessionMaxAliveTime\": 0,\n                \"maxActive\": 0,\n                \"isUser\": true\n            }],\n            \"GC\": [{\n                \"name\": \"Young\",\n                \"pause_time_sev\": 1\n            }, {\n                \"name\": \"Old\",\n                \"pause_time_sev\": 4\n            }],\n            \"restart\": 0,\n            \"isUser\": true,\n\n            \"Server_metrics\": {\n                \"server_cpu\": 0.174,\n                \"server_mem\": 0.78\n            }\n        }],\n        \"logs\": {\n            \"count_400\": 0,\n            \"count_401\": 0,\n            \"count_403\": 0,\n            \"count_404\": 0,\n            \"count_40X\": 0\n        },\n        \"conf\": [{\n            \"name\": \"virtualis-0.0.1-SNAPSHOT\",\n            \"filename\": \"/opt/tomcat/webapps/virtualis-0.0.1-SNAPSHOT/WEB-INF/classes/application.properties\",\n            \"local_secure\": [],\n            \"local_insecure\": [],\n            \"external_secure\": [],\n            \"external_insecure\": [],\n            \"db_secure\": [],\n\n            \"db_insecure\": [{\n                \"url\": \"jdbc:postgresql://svl-visa-db1.fyre.ibm.com:5432/postgres\",\n                \"useSSL\": false,\n                \"app\": \"spring.datasource\"\n            }]\n        }],\n        \"ssl\": [{\n            \"port\": \"8080\",\n            \"protocol\": \"HTTP/1.1\",\n            \"SSLEnabled\": false,\n            \"connectionTimeout\": \"20000\",\n            \"redirectPort\": \"8443\"\n        }]\n    }, {\n        \"server\": {\n            \"target\": \"svl-visa-core1.fyre.ibm.com\",\n\n            \"cmd\": [{\n                \"cmd\": \"uname\",\n                \"result\": [\"Linux\", \"svl-visa-core1.fyre.ibm.com\", \"6.8.0-79-generic\", \"x86_64\"]\n            }, {\n                \"cmd\": \"whoami\",\n                \"result\": [\"root\"]\n            }, {\n                \"cmd\": \"ip\",\n                \"result\": [\"127.0.0.1\", \"10.11.35.127\", \"9.30.118.190\"]\n            }, {\n                \"cmd\": \"Os name\",\n                \"result\": [\"Ubuntu 24.04.2 LTS\", \"Ubuntu\", \"24.04\"]\n            }],\n            \"available\": [\"ps\", \"curl\", \"wc\"],\n\n            \"cred\": {\n                \"target\": \"svl-visa-core1.fyre.ibm.com\",\n                \"cred\": \"ibmconcert/ubuntu_service_account\",\n                \"isConcertVault\": true,\n                \"port\": 22,\n\n                \"tomcat\": {\n                    \"fileBased\": false,\n                    \"username\": \"manager\",\n                    \"password\": \"manager\",\n                    \"port\": \"8080\"\n                }\n            }\n        },\n        \"apps\": [],\n\n        \"logs\": {\n            \"count_400\": 0,\n            \"count_401\": 0,\n            \"count_403\": 0,\n            \"count_404\": 0,\n            \"count_40X\": 0\n        },\n        \"conf\": [],\n        \"ssl\": []\n    }, {\n        \"server\": {\n            \"target\": \"svl-visa-notification1.fyre.ibm.com\",\n\n            \"cmd\": [{\n                \"cmd\": \"uname\",\n\n                \"result\": [\n                    \"Linux\",\n                    \"svl-visa-notification1.fyre.ibm.com\",\n                    \"6.8.0-79-generic\",\n                    \"x86_64\"\n                ]\n            }, {\n                \"cmd\": \"whoami\",\n                \"result\": [\"root\"]\n            }, {\n                \"cmd\": \"ip\",\n                \"result\": [\"127.0.0.1\", \"10.11.65.83\", \"9.30.34.164\"]\n            }, {\n                \"cmd\": \"Os name\",\n                \"result\": [\"Ubuntu 24.04.2 LTS\", \"Ubuntu\", \"24.04\"]\n            }],\n            \"available\": [\"ps\", \"curl\", \"wc\"],\n\n            \"cred\": {\n                \"target\": \"svl-visa-notification1.fyre.ibm.com\",\n                \"cred\": \"ibmconcert/ubuntu_service_account\",\n                \"isConcertVault\": true,\n\n                \"tomcat\": {\n                    \"fileBased\": false,\n                    \"username\": \"jmx\",\n                    \"password\": \"toto\",\n                    \"port\": \"8080\"\n                },\n                \"port\": 22\n            }\n        },\n        \"apps\": [{\n            \"App\": {\n                \"name\": \"notification\",\n                \"maxTime\": 0,\n                \"paused\": false,\n                \"path\": \"/notification-0.0.1-SNAPSHOT\",\n                \"stateName\": \"STARTED\",\n                \"useHttpOnly\": true,\n                \"errorCount\": 0,\n                \"processingTime\": 0,\n                \"privileged\": false,\n                \"cookies\": true,\n                \"requestCount\": 0,\n                \"startupTime\": 43,\n                \"unpackWAR\": true,\n                \"originalDocBase\": \"/opt/tomcat/webapps/notification-0.0.1-SNAPSHOT.war\",\n                \"sessionTimeout\": 30,\n                \"version\": \"0.0.1\",\n                \"isUser\": true\n            },\n            \"Mem\": {\n                \"Eden Space\": {\n                    \"max\": 355991552,\n                    \"used\": 283115520,\n                    \"committed\": 283115520,\n                    \"init\": 134742016\n                },\n                \"Survivor Space\": {\n                    \"max\": 38797312,\n                    \"used\": 29347904,\n                    \"committed\": 38797312,\n                    \"init\": 22020096\n                },\n                \"Old Gen\": {\n                    \"max\": 716177408,\n                    \"used\": 215595000,\n                    \"committed\": 358088704,\n                    \"init\": 358088704\n                }\n            },\n            \"Thread\": {\n                \"currentThreadsBusy\": 2,\n                \"paused\": false,\n                \"selectorTimeout\": 1000,\n                \"connectionCount\": 3,\n                \"acceptCount\": 100,\n                \"threadPriority\": 5,\n                \"executorTerminationTimeoutMillis\": 5000,\n                \"running\": true,\n                \"portWithOffset\": 8080,\n                \"currentThreadCount\": 10,\n                \"sSLEnabled\": false,\n                \"sniParseLimit\": 65536,\n                \"maxThreads\": 200,\n                \"connectionTimeout\": 20000,\n                \"tcpNoDelay\": true,\n                \"maxConnections\": 8192,\n                \"connectionLinger\": -1,\n                \"keepAliveCount\": 1,\n                \"keepAliveTimeout\": 20000,\n                \"maxKeepAliveRequests\": 100,\n                \"localPort\": 8080,\n                \"useSendfile\": true,\n                \"daemon\": true,\n                \"minSpareThreads\": 10,\n                \"useInheritedChannel\": false,\n                \"acceptorThreadPriority\": 5,\n                \"bindOnInit\": true,\n                \"pollerThreadPriority\": 5\n            },\n            \"Session\": [{\n                \"rejectedSessions\": 0,\n                \"persistAuthentication\": false,\n                \"maxActiveSessions\": -1,\n                \"expiredSessions\": 0,\n                \"activeSessions\": 0,\n                \"sessionMaxAliveTime\": 0,\n                \"maxActive\": 0,\n                \"isUser\": true\n            }],\n            \"GC\": [{\n                \"name\": \"Young\",\n                \"pause_time_sev\": 1\n            }, {\n                \"name\": \"Old\",\n                \"pause_time_sev\": 2\n            }],\n            \"restart\": 0,\n            \"isUser\": true,\n\n            \"Server_metrics\": {\n                \"server_cpu\": 0.087,\n                \"server_mem\": 0.77\n            }\n        }],\n        \"logs\": {\n            \"count_400\": 0,\n            \"count_401\": 0,\n            \"count_403\": 0,\n            \"count_404\": 0,\n            \"count_40X\": 0\n        },\n        \"conf\": [{\n            \"name\": \"notification-0.0.1-SNAPSHOT\",\n            \"filename\": \"/opt/tomcat/webapps/notification-0.0.1-SNAPSHOT/WEB-INF/classes/application.properties\",\n            \"local_secure\": [],\n            \"local_insecure\": [],\n            \"external_secure\": [],\n            \"external_insecure\": [],\n            \"db_secure\": [],\n\n            \"db_insecure\": [{\n                \"url\": \"jdbc:h2:mem:notif-db\",\n                \"useSSL\": false,\n                \"app\": \"spring.datasource\"\n            }]\n        }],\n        \"ssl\": [{\n            \"port\": \"8080\",\n            \"protocol\": \"HTTP/1.1\",\n            \"SSLEnabled\": false,\n            \"connectionTimeout\": \"20000\",\n            \"redirectPort\": \"8443\"\n        }, {\n            \"port\": \"8443\",\n            \"protocol\": \"org.apache.coyote.http11.Http11NioProtocol\",\n            \"SSLEnabled\": true,\n            \"maxThreads\": \"100\"\n        }]\n    }, {\n        \"server\": {\n            \"target\": \"svl-visa-notif-rhel1.fyre.ibm.com\",\n\n            \"cmd\": [{\n                \"cmd\": \"uname\",\n\n                \"result\": [\n                    \"Linux\",\n                    \"svl-visa-notif-rhel1.fyre.ibm.com\",\n                    \"5.14.0-570.39.1.el9_6.x86_64\",\n                    \"x86_64\"\n                ]\n            }, {\n                \"cmd\": \"whoami\",\n                \"result\": [\"svcuser\"]\n            }, {\n                \"cmd\": \"ip\",\n                \"result\": [\"127.0.0.1\", \"10.11.39.214\", \"9.30.146.204\"]\n            }, {\n                \"cmd\": \"Os name\",\n                \"result\": [\"Red Hat Enterprise Linux\", \"9.6\", \"Red Hat Enterprise Linux 9.6 (Plow)\"]\n            }],\n            \"available\": [\"ps\", \"curl\", \"wc\"],\n\n            \"cred\": {\n                \"target\": \"svl-visa-notif-rhel1.fyre.ibm.com\",\n                \"cred\": \"ibmconcert/rhel_service_account\",\n                \"isConcertVault\": true,\n                \"port\": 22,\n\n                \"tomcat\": {\n                    \"fileBased\": false,\n                    \"username\": \"robot\",\n                    \"password\": \"jmxpass\",\n                    \"port\": \"8234\"\n                }\n            }\n        },\n        \"apps\": [{\n            \"App\": {\n                \"name\": \"balance\",\n                \"maxTime\": 0,\n                \"paused\": false,\n                \"path\": \"/balance-0.0.1-SNAPSHOT\",\n                \"stateName\": \"STARTED\",\n                \"useHttpOnly\": true,\n                \"errorCount\": 0,\n                \"processingTime\": 0,\n                \"privileged\": false,\n                \"cookies\": true,\n                \"requestCount\": 0,\n                \"startupTime\": 19,\n                \"unpackWAR\": true,\n                \"originalDocBase\": \"/usr/local/tomcat10/webapps/balance-0.0.1-SNAPSHOT.war\",\n                \"sessionTimeout\": 30,\n                \"version\": \"0.0.1\",\n                \"isUser\": true\n            },\n            \"Mem\": {\n                \"Eden Space\": {\n                    \"max\": -1,\n                    \"used\": 320864256,\n                    \"committed\": 337641472,\n                    \"init\": 28311552\n                },\n                \"Survivor Space\": {\n                    \"max\": -1,\n                    \"used\": 28306136,\n                    \"committed\": 28311552,\n                    \"init\": 0\n                },\n                \"Old Gen\": {\n                    \"max\": 1073741824,\n                    \"used\": 20926976,\n                    \"committed\": 510656512,\n                    \"init\": 508559360\n                }\n            },\n            \"Thread\": {\n                \"currentThreadsBusy\": 1,\n                \"paused\": false,\n                \"selectorTimeout\": 1000,\n                \"connectionCount\": 2,\n                \"acceptCount\": 100,\n                \"threadPriority\": 5,\n                \"executorTerminationTimeoutMillis\": 5000,\n                \"running\": true,\n                \"portWithOffset\": 8234,\n                \"currentThreadCount\": 10,\n                \"sSLEnabled\": false,\n                \"sniParseLimit\": 65536,\n                \"maxThreads\": 200,\n                \"connectionTimeout\": 20000,\n                \"tcpNoDelay\": true,\n                \"maxConnections\": 8192,\n                \"connectionLinger\": -1,\n                \"keepAliveCount\": 1,\n                \"keepAliveTimeout\": 20000,\n                \"maxKeepAliveRequests\": 100,\n                \"localPort\": 8234,\n                \"useSendfile\": true,\n                \"daemon\": true,\n                \"minSpareThreads\": 10,\n                \"useInheritedChannel\": false,\n                \"acceptorThreadPriority\": 5,\n                \"bindOnInit\": true,\n                \"pollerThreadPriority\": 5\n            },\n            \"Session\": [],\n\n            \"GC\": [{\n                \"name\": \"Young\",\n                \"pause_time_sev\": 1\n            }, {\n                \"name\": \"Old\",\n                \"pause_time_sev\": 1\n            }],\n            \"restart\": 0,\n            \"isUser\": true,\n\n            \"Server_metrics\": {\n                \"server_cpu\": 0.023,\n                \"server_mem\": 0.12\n            }\n        }],\n        \"logs\": [],\n\n        \"conf\": [{\n            \"name\": \"balance-0.0.1-SNAPSHOT\",\n            \"filename\": \"/usr/local/tomcat10/webapps/balance-0.0.1-SNAPSHOT/WEB-INF/classes/application.properties\",\n            \"local_secure\": [],\n            \"local_insecure\": [],\n            \"external_secure\": [],\n            \"external_insecure\": [],\n            \"db_secure\": [],\n\n            \"db_insecure\": [{\n                \"url\": \"jdbc:h2:mem:notif-db\",\n                \"useSSL\": false,\n                \"app\": \"spring.datasource\"\n            }]\n        }],\n        \"ssl\": [{\n            \"port\": \"8234\",\n            \"protocol\": \"HTTP/1.1\",\n            \"SSLEnabled\": false,\n            \"connectionTimeout\": \"20000\",\n            \"redirectPort\": \"8443\"\n        }]\n    }],\n    \"os\": []\n}"},{"name":"in_application","required":true,"isInput":true,"isOutput":false,"level":"INTERMEDIATE","type":{"type":"object"},"value":"{\n    \"app_name\": \"Fullbank-Demo\",\n    \"version\": \"1.0.2\",\n    \"ignoredApps\": [\"test_tomcat\"],\n    \"environment\": \"production\",\n    \"deploy_number\": \"1\",\n    \"profile\": \"fdb_res\",\n\n    \"options\": {\n        \"OS_metrics\": false,\n        \"gen_appSbom\": true,\n        \"gen_cycloneDX\": false,\n        \"application_criticality\": \"5\",\n        \"application_impact_risk\": \"5\"\n    },\n    \"concertConf\": {\n        \"concert_auth_key\": \"ibmconcert/conccert_action\"\n    },\n    \"assessment_period\": \"latest\",\n\n    \"targets\": [{\n        \"target\": \"svl-visa-virtualis1.fyre.ibm.com\",\n\n        \"cmd\": [{\n            \"cmd\": \"uname\",\n            \"result\": [\"Linux\", \"svl-visa-virtualis1.fyre.ibm.com\", \"6.8.0-79-generic\", \"x86_64\"]\n        }, {\n            \"cmd\": \"whoami\",\n            \"result\": [\"root\"]\n        }, {\n            \"cmd\": \"ip\",\n            \"result\": [\"127.0.0.1\", \"10.11.36.216\", \"9.30.147.6\"]\n        }, {\n            \"cmd\": \"Os name\",\n            \"result\": [\"Ubuntu 24.04.2 LTS\", \"Ubuntu\", \"24.04\"]\n        }],\n        \"available\": [\"ps\", \"curl\", \"wc\"],\n\n        \"cred\": {\n            \"target\": \"svl-visa-virtualis1.fyre.ibm.com\",\n            \"cred\": \"ibmconcert/ubuntu_service_account\",\n            \"isConcertVault\": true,\n            \"port\": 22,\n\n            \"tomcat\": {\n                \"fileBased\": false,\n                \"username\": \"manager\",\n                \"password\": \"manager\",\n                \"port\": \"8080\"\n            }\n        }\n    }, {\n        \"target\": \"svl-visa-core1.fyre.ibm.com\",\n\n        \"cmd\": [{\n            \"cmd\": \"uname\",\n            \"result\": [\"Linux\", \"svl-visa-core1.fyre.ibm.com\", \"6.8.0-79-generic\", \"x86_64\"]\n        }, {\n            \"cmd\": \"whoami\",\n            \"result\": [\"root\"]\n        }, {\n            \"cmd\": \"ip\",\n            \"result\": [\"127.0.0.1\", \"10.11.35.127\", \"9.30.118.190\"]\n        }, {\n            \"cmd\": \"Os name\",\n            \"result\": [\"Ubuntu 24.04.2 LTS\", \"Ubuntu\", \"24.04\"]\n        }],\n        \"available\": [\"ps\", \"curl\", \"wc\"],\n\n        \"cred\": {\n            \"target\": \"svl-visa-core1.fyre.ibm.com\",\n            \"cred\": \"ibmconcert/ubuntu_service_account\",\n            \"isConcertVault\": true,\n            \"port\": 22,\n\n            \"tomcat\": {\n                \"fileBased\": false,\n                \"username\": \"manager\",\n                \"password\": \"manager\",\n                \"port\": \"8080\"\n            }\n        }\n    }, {\n        \"target\": \"svl-visa-notification1.fyre.ibm.com\",\n\n        \"cmd\": [{\n            \"cmd\": \"uname\",\n\n            \"result\": [\n                \"Linux\",\n                \"svl-visa-notification1.fyre.ibm.com\",\n                \"6.8.0-79-generic\",\n                \"x86_64\"\n            ]\n        }, {\n            \"cmd\": \"whoami\",\n            \"result\": [\"root\"]\n        }, {\n            \"cmd\": \"ip\",\n            \"result\": [\"127.0.0.1\", \"10.11.65.83\", \"9.30.34.164\"]\n        }, {\n            \"cmd\": \"Os name\",\n            \"result\": [\"Ubuntu 24.04.2 LTS\", \"Ubuntu\", \"24.04\"]\n        }],\n        \"available\": [\"ps\", \"curl\", \"wc\"],\n\n        \"cred\": {\n            \"target\": \"svl-visa-notification1.fyre.ibm.com\",\n            \"cred\": \"ibmconcert/ubuntu_service_account\",\n            \"isConcertVault\": true,\n\n            \"tomcat\": {\n                \"fileBased\": false,\n                \"username\": \"jmx\",\n                \"password\": \"toto\",\n                \"port\": \"8080\"\n            },\n            \"port\": 22\n        }\n    }, {\n        \"target\": \"svl-visa-notif-rhel1.fyre.ibm.com\",\n\n        \"cmd\": [{\n            \"cmd\": \"uname\",\n\n            \"result\": [\n                \"Linux\",\n                \"svl-visa-notif-rhel1.fyre.ibm.com\",\n                \"5.14.0-570.39.1.el9_6.x86_64\",\n                \"x86_64\"\n            ]\n        }, {\n            \"cmd\": \"whoami\",\n            \"result\": [\"svcuser\"]\n        }, {\n            \"cmd\": \"ip\",\n            \"result\": [\"127.0.0.1\", \"10.11.39.214\", \"9.30.146.204\"]\n        }, {\n            \"cmd\": \"Os name\",\n            \"result\": [\"Red Hat Enterprise Linux\", \"9.6\", \"Red Hat Enterprise Linux 9.6 (Plow)\"]\n        }],\n        \"available\": [\"ps\", \"curl\", \"wc\"],\n\n        \"cred\": {\n            \"target\": \"svl-visa-notif-rhel1.fyre.ibm.com\",\n            \"cred\": \"ibmconcert/rhel_service_account\",\n            \"isConcertVault\": true,\n            \"port\": 22,\n\n            \"tomcat\": {\n                \"fileBased\": false,\n                \"username\": \"robot\",\n                \"password\": \"jmxpass\",\n                \"port\": \"8234\"\n            }\n        }\n    }],\n    \"profile_creation\": {\n        \"create_profile\": false,\n        \"tomcat_profile_id\": \"d1a7f3f0-8d40-11f0-82d7-46ae58809bd5\"\n    }\n}"},{"name":"in_include_cycloneDx","required":true,"isInput":true,"isOutput":false,"level":"INTERMEDIATE","type":{"type":"boolean"},"value":"false"},{"name":"in_application_criticality","required":true,"isInput":true,"isOutput":false,"level":"INTERMEDIATE","type":{"type":"any"},"value":"\"5\""},{"name":"in_application_data_assessment_impact_risk","required":true,"isInput":true,"isOutput":false,"level":"INTERMEDIATE","type":{"type":"any"},"value":"\"5\""},{"name":"result","required":false,"isInput":false,"isOutput":true,"level":"INTERMEDIATE","type":{"type":"any"},"value":"\"\""},{"name":"debug","required":false,"isInput":false,"isOutput":true,"level":"INTERMEDIATE","type":{"type":"array"},"value":"[]"},{"name":"error","required":false,"isInput":false,"isOutput":true,"level":"INTERMEDIATE","type":{"type":"array"},"value":"[]"},{"name":"success","required":false,"isInput":false,"isOutput":true,"level":"INTERMEDIATE","type":{"type":"boolean"},"value":"false"},{"name":"t_applicationName","required":false,"isInput":false,"isOutput":false,"level":"INTERMEDIATE","type":{"type":"string"},"value":"\"\""},{"name":"t_applicationVersion","required":false,"isInput":false,"isOutput":false,"level":"INTERMEDIATE","type":{"type":"string"},"value":"\"\""},{"name":"t_deployNumber","required":false,"isInput":false,"isOutput":false,"level":"INTERMEDIATE","type":{"type":"string"},"value":"\"\""},{"name":"t_environment","required":false,"isInput":false,"isOutput":false,"level":"INTERMEDIATE","type":{"type":"string"},"value":"\"\""},{"name":"t_temp","required":false,"isInput":false,"isOutput":false,"level":"INTERMEDIATE","type":{"type":"string"},"value":"\"\""}],"meta":{"workerGroup":"default","created":1756865506124,"lastUpdated":1757437118046,"layout":"flat","updatedByUsername":"ibmconcert","numberOfBlocks":32,"version":5},"finally":{"blocks":[{"name":"Function_2","function":"delete $result.deploy\ndelete $result.app.components"}]}}