{"name":"sel_tomcat_flow","platform":"node","hash":"huCg5DI7Cpn1I6XePdQviTERIrUSxM74s7hZFqxSpEM=","blocks":[{"action":"comment","value":"---- Selection  ----"}, {"action":"system/Common/Status Message Update","name":"Status_select","inputs":[{"name":"message","value":"\"Selection\""}]}, {"action":"assign","name":"Assign_t_apps","variable":"$t_tomcat","value":"{\n    \"apps\": [],\n    \"logs\": $in_tomcat_apps.logs,\n    \"conf\": $in_tomcat_apps.conf,\n    \"ssl\": $in_tomcat_apps.ssl\n}"}, {"action":"foreach","name":"For_selection","list":"$in_tomcat_apps.apps","blocks":[{"action":"if","name":"If_is_user","condition":"$For_selection.item.isUser","then":[{"action":"if","name":"If_ignored_app","condition":"$in_id_target.result.ignoredApps.includes($For_selection.item.App.name)","then":[],"else":[{"name":"set_port_base_url","function":"var app = JSON.parse(JSON.stringify($For_selection.item))\nvar url = $in_target.target;\nvar base = \"http://\";\nif (!(\"port\" in $t_tomcat.ssl[0])) {\n    $debug.push($t_tomcat.ssl[0])\n}\nif (app != undefined && $t_tomcat.ssl.length > 0 && \"port\" in $t_tomcat.ssl[0]) {\n    if ($t_tomcat.ssl[0].SSLEnabled) {\n        base = \"https://\"\n    }\n    app.App['port'] = $t_tomcat.ssl[0].port\n    app.App['base_url'] = `${base}${url}`\n}\nif (app.App.name != \"\") {\n    $t_tomcat.apps.push(app)\n}"},{"action":"assign","name":"Assign_one_app","variable":"$result.one_app","value":"true"}]}],"else":[]}]}, {"action":"if","name":"if_apps_exist","condition":"$t_tomcat.apps.length > 0","then":[{"action":"system/Common/Array/Array Push","name":"push_to_result","inputs":[{"name":"array","value":"$result.tomcat"},{"name":"item","value":"$t_tomcat"}]}],"else":[]}],"variables":[{"name":"result","required":false,"isInput":false,"isOutput":true,"level":"INTERMEDIATE","type":{"type":"object"},"value":"{\n  tomcat: [],\n  one_app: false\n}"},{"name":"debug","required":false,"isInput":false,"isOutput":true,"level":"INTERMEDIATE","type":{"type":"array"},"value":"[]"},{"name":"success","required":false,"isInput":false,"isOutput":true,"level":"INTERMEDIATE","type":{"type":"boolean"},"value":"false"},{"name":"error","required":false,"isInput":false,"isOutput":true,"level":"INTERMEDIATE","type":{"type":"array"},"value":"[]"},{"name":"in_id_target","required":true,"isInput":true,"isOutput":false,"level":"INTERMEDIATE","type":{"type":"object"},"value":"{}"},{"name":"in_target","required":true,"isInput":true,"isOutput":false,"level":"INTERMEDIATE","type":{"type":"object"},"value":"{}"},{"name":"in_tomcat_apps","required":true,"isInput":true,"isOutput":false,"level":"INTERMEDIATE","type":{"type":"object"},"value":"{}"},{"name":"t_tomcat","required":false,"isInput":false,"isOutput":false,"level":"INTERMEDIATE","type":{"type":"object"},"value":"{}"}],"meta":{"workerGroup":"default","layout":"flow","version":5,"lastUpdated":1761950501136,"updatedByUsername":"ibmconcert","numberOfBlocks":10},"finally":null}