{"name":"pro_unified_metrics","platform":"node","hash":"A/qVHBa0riqbyTImBu/vLYnnoBAi2k9PWsPdsAt3Fks=","blocks":[{"action":"foreach","name":"for_system","list":"Object.entries($in_merged_data)","blocks":[{"action":"assign","name":"assign_server","variable":"$t_server","value":"$for_system.item[1]"},{"action":"assign","name":"assign_component_data","variable":"$t_cd","value":"{\n    target: $t_server.server.target,\n    components: []\n}"},{"name":"func_make_apps_list","function":"var apps = []\napps = apps.concat($t_server.jvms)\napps = apps.concat($t_server.jmxs)\nfor (var tomcat of $t_server.tomcat) {\n    if (tomcat.apps.length > 0) {\n        var ma = {...tomcat.apps[0]}\n        ma.logs = tomcat.logs\n        ma.conf = tomcat.conf \n        ma.ssl = tomcat.ssl\n    }\n    for (var app of [ma].concat(tomcat.apps.slice(1))) {\n        var sa = {...app}\n        if (sa.Session.length > 0) {\n            sa.Session = sa.Session[0]\n        }\n        apps.push(sa)\n    }\n}\n$t_apps = apps\n$t_metrics.num_server_on_http = 1"},{"action":"foreach","name":"for_app","list":"$t_apps","blocks":[{"name":"func_track_metrics","function":"var app = $for_app.item\nif (\"Thread\" in app && \"currentThreadCount\" in app.Thread){\n    $t_metrics.pct_thread_usage = Math.max(\n        $t_metrics.pct_thread_usage, \n        app.Thread.currentThreadCount / Math.max(1, app.Thread.maxThreads)\n    )\n    $t_metrics_gathered.pct_thread_usage=true\n}\n$t_metrics.num_runtime_running_as_root = $t_metrics.num_runtime_running_as_root + (app.App.privileged ? 1 : 0)\n$t_metrics_gathered.num_runtime_running_as_root=true\nif(\"logs\" in app && app.logs != \"\"){\n    if (\"requestCount\" in app.logs) {\n        $t_metrics.pct_error_rate = Math.max(\n            $t_metrics.pct_error_rate,\n            app.App.errorCount / Math.max(1, app.logs.requestCount)\n        )\n        $t_metrics_gathered.pct_error_rate=true\n    }\n}\nif(\"Session\" in app && app.Session != \"\"){\n    if (\"expiredSessions\" in app.Session) {\n        $t_metrics.max_session_timeout = Math.max(\n            $t_metrics.max_session_timeout,\n            app.Session.expiredSessions\n        )\n        $t_metrics_gathered.max_session_timeout=true\n    }\n    if (\"maxActiveSessions\" in app.Session) {\n        $t_metrics.num_max_active_sessions = Math.max(\n            $t_metrics.num_max_active_sessions,\n            app.Session.maxActiveSessions <= 0 ? 999 : app.Session.maxActiveSessions\n        )\n        $t_metrics_gathered.num_max_active_sessions=true\n    }\n    $t_metrics.num_current_active_sessions = $t_metrics.num_current_active_sessions + app.Session.activeSessions\n    $t_metrics_gathered.num_current_active_sessions=true\n\n    if (\"sessionMaxAliveTime\" in app.Session) { \n        $t_metrics.max_session_alive_time = Math.max(\n            $t_metrics.max_session_alive_time,\n            app.Session.sessionMaxAliveTime <= 0 ? 999 : app.Session.sessionMaxAliveTime\n        )\n        $t_metrics_gathered.max_session_alive_time=true    \n    }\n    \n\n    if (\"rejectedSessions\" in app.Session) {\n        $t_metrics.num_rejected_sessions = $t_metrics.num_rejected_sessions + app.Session.rejectedSessions\n        $t_metrics_gathered.num_rejected_sessions=true\n    }\n\n    $t_metrics.num_persistent_authentication = $t_metrics.num_persistent_authentication + ((\"persistAuthentication\" in app.Session) && app.Session.persistAuthentication ? 1 : 0)\n    $t_metrics_gathered.num_persistent_authentication=true\n\n    $t_metrics.num_current_active_sessions === 0 ? $t_metrics.num_current_active_sessions = 1 : $t_metrics.num_current_active_sessions\n    $t_metrics.pct_curr_max = $t_metrics.num_current_active_sessions / $t_metrics.num_current_active_sessions\n}\n\nif (\"useHttpOnly\" in app.App) {\n    $t_metrics.num_http_only = $t_metrics.num_http_only + ((app.App.useHttpOnly || app.App.useHttpOnly === 1) ? 1 : 0)\n    if($t_metrics.num_http_only == 1){\n        $t_metrics.num_server_on_http = 0\n    }\n    $t_metrics_gathered.num_http_only=true\n    $t_metrics_gathered.num_server_on_http=true\n}\nif (\"Mem\" in app){\n    if(\"Eden Space\" in app.Mem && \"max\" in app.Mem[\"Eden Space\"] && \"used\" in app.Mem[\"Eden Space\"]) {\n        $t_metrics.pct_eden_mem_space_usage = Math.max(\n            $t_metrics.pct_eden_mem_space_usage,\n            app.Mem[\"Eden Space\"].used / Math.max(1, app.Mem[\"Eden Space\"].max)\n        )\n        $t_metrics_gathered.pct_eden_mem_space_usage=true\n    }\n    if (\"Old Gen\" in app.Mem && \"max\" in app.Mem[\"Old Gen\"] && \"used\" in app.Mem[\"Old Gen\"]) {\n        $t_metrics.pct_mem_old_gen_usage = Math.max(\n            $t_metrics.pct_mem_old_gen_usage,\n            app.Mem[\"Old Gen\"].used / Math.max(1, app.Mem[\"Old Gen\"].max)\n        )\n        $t_metrics_gathered.pct_mem_old_gen_usage=true\n    }\n    if (\"Survivor Space\" in app.Mem && \"max\" in app.Mem[\"Survivor Space\"] && \"used\" in app.Mem[\"Survivor Space\"]) {\n        $t_metrics.pct_survivor_mem_space_usage = Math.max(\n            $t_metrics.pct_survivor_mem_space_usage, \n            app.Mem[\"Survivor Space\"].used / Math.max(1, app.Mem[\"Survivor Space\"].max)\n        )\n        $t_metrics_gathered.pct_survivor_mem_space_usage=true\n    }\n}\nif (\"GC\" in app && \"old_gen\" in app.GC) {\n    $t_metrics.num_old_pause_time = Math.max(\n        $t_metrics.num_old_pause_time,\n        app.GC.old_gen.TOTAL_TIME / Math.max(1, app.GC.old_gen.COUNT)\n    )\n    $t_metrics.num_young_pause_time = Math.max(\n        $t_metrics.num_young_pause_time,\n        app.GC.young_gen.TOTAL_TIME / Math.max(1, app.GC.young_gen.COUNT)\n    )\n    $t_metrics_gathered.num_old_pause_time=true\n    $t_metrics_gathered.num_young_pause_time=true\n\n}\nif (\"conf\" in app) {\n    for (var conf of app.conf) {\n        $t_metrics.pct_unencrypted_externalized_services = Math.max(\n            $t_metrics.pct_unencrypted_externalized_services,\n            conf.external_insecure.length / Math.max(1, conf.external_insecure.length + conf.external_secure.length)\n        ) \n        $t_metrics.pct_unencrypted_internalized_services = Math.max(\n            $t_metrics.pct_unencrypted_internalized_services,\n            conf.local_insecure.length / Math.max(1, conf.local_insecure.length + conf.local_secure.length)\n        )\n        $t_metrics.pct_unencrypted_db_services = Math.max(\n            $t_metrics.pct_unencrypted_db_services,\n            conf.db_insecure.length / Math.max(1, conf.db_insecure.length + conf.db_secure.length)\n        )\n    }\n    $t_metrics_gathered.pct_unencrypted_externalized_services=true\n    $t_metrics_gathered.pct_unencrypted_internalized_services=true\n    $t_metrics_gathered.pct_unencrypted_db_services=true\n}\n//$t_metrics.num_server_on_http = $t_metrics.num_http_only + app.useHttpOnly\nif (\"restart\" in app) {\n    $t_metrics.num_restarts = $t_metrics.num_restarts + app.restart\n    $t_metrics_gathered.num_restarts=true\n}\n\nif (\"logs\" in app && app.logs != \"\") {\n    $t_metrics.num_400_errors = $t_metrics.num_400_errors + app.logs.count_400\n    $t_metrics.num_401_errors = $t_metrics.num_401_errors + app.logs.count_401\n    $t_metrics.num_403_errors = $t_metrics.num_403_errors + app.logs.count_403\n    $t_metrics.num_404_errors = $t_metrics.num_404_errors + app.logs.count_404\n\n    $t_metrics_gathered.num_400_errors=true\n    $t_metrics_gathered.num_401_errors=true\n    $t_metrics_gathered.num_403_errors=true\n    $t_metrics_gathered.num_404_errors=true\n\n    if (\"count_40X\" in app.logs) {\n        $t_metrics.num_4xx_errors = $t_metrics.num_4xx_errors + app.logs.count_40X\n        $t_metrics_gathered.num_4xx_errors=true\n    } else if (\"count_40x\" in app.logs) {\n        $t_metrics.num_4xx_errors = $t_metrics.num_4xx_errors + app.logs.count_40x\n        $t_metrics_gathered.num_4xx_errors=true\n    }\n}\n"},{"name":"func_component_data","function":"var app = $for_app.item\nif (\"Server_metrics\" in app) {\n    var component = {\n        \"component_name\": app.App.name,\n        \"fact_field_values\": {\n            \"pct_thread_usage_comp\": Number(app.Thread.currentThreadCount / app.Thread.maxThreads),\n            \"pct_server_CPU_usage_comp\": app.Server_metrics.server_cpu,\n            \"pct_server_MEM_usage_comp\": app.Server_metrics.server_mem,\n            \"num_young_pause_time_comp\": 4,\n            \"num_old_pause_time_comp\": 4,\n            \"is_runtime_running_as_root_comp\": app.App.privileged,\n            \"max_session_timeout_comp\": app.App.sessionTimeout,\n            \"max_session_alive_time_comp\": app.Session.sessionMaxAliveTime,\n            \"pct_error_rate_comp\": isNaN(Number((app.App.errorCount / Math.max(app.App.requestCount, app.App.errorCount, 1))))?0:(Number((app.App.errorCount / Math.max(app.App.requestCount, app.App.errorCount, 1))) * 100),\n            \"pct_unencrypted_externalized_services_comp\": 100,\n            \"pct_unencrypted_db_service_comp\": 100, // \n            \"num_persistent_authentication_comp\": app.Session.persistAuthentication ? 1 : 0, // app.Session.persistAuthentication Should be bool?\n            \"num_current_active_sessions_comp\": app.Session.activeSessions,\n            \"num_max_active_session_comp\": app.Session.maxActiveSessions,\n            \"num_rejected_session_comp\": app.Session.rejectedSessions\n        }\n    };\n    if (!(\"young_gen\" in app.GC)) {\n        for (var pt of app.GC) {\n            if (pt.name == \"Young\") {\n                component.fact_field_values.num_young_pause_time_comp = pt.pause_time_sev\n            }\n            if (pt.name == \"Old\") {\n                component.fact_field_values.num_old_pause_time_comp = pt.pause_time_sev\n            }\n        };\n    }\n    if(app.conf in app){\n        var confs = app.conf.filter((e) => e.name.startsWith(app.App.name + \"-\"))\n        var ext_insecure_count = 0;\n        var ext_total_count = 0;\n        var db_insecure_count = 0;\n        var db_total_count = 0;\n        for (var conf of confs) {\n            if (\"db_insecure\" in conf && \"db_secure\" in conf) {\n                db_insecure_count += conf.db_insecure.length\n                db_total_count += conf.db_secure.length + conf.db_insecure.length\n            }\n            if (\"external_insecure\" in conf && \"external_secure\" in conf) {\n                ext_insecure_count += conf.external_insecure.length\n                ext_total_count += conf.external_insecure.length + conf.external_secure.length\n            }\n        }\n        if (db_insecure_count  > 0) {\n            component.fact_field_values.pct_unencrypted_db_service_comp = db_insecure_count / db_total_count * 100\n        } else {\n            component.fact_field_values.pct_unencrypted_db_service_comp = 0\n        }\n        if (ext_insecure_count > 0) {\n            component.fact_field_values.pct_unencrypted_externalized_services_comp = ext_insecure_count / ext_total_count * 100\n        } else {\n            component.fact_field_values.pct_unencrypted_externalized_services_comp = 0\n        }\n    }\n    $t_cd.components.push(component);\n}"}]},{"name":"func_post","function":"if($t_metrics.num_old_pause_time == 0){\n    $t_metrics.num_old_pause_time = 1\n}\nelse if ($t_metrics.num_old_pause_time <= 50) {\n    $t_metrics.num_old_pause_time = 1\n} else if ($t_metrics.num_old_pause_time <= 200) {\n    $t_metrics.num_old_pause_time = 2\n} else if ($t_metrics.num_old_pause_time <= 500) {\n    $t_metrics.num_old_pause_time = 3\n} else if ($t_metrics.num_old_pause_time <= 1000) {\n    $t_metrics.num_old_pause_time = 4\n} else {\n    $t_metrics.num_old_pause_time = 5\n}\n\nif($t_metrics.num_young_pause_time == 0){\n    $t_metrics.num_young_pause_time = 1\n}\nelse if ($t_metrics.num_young_pause_time <= 50) {\n    $t_metrics.num_young_pause_time = 1\n} else if ($t_metrics.num_young_pause_time <= 200) {\n    $t_metrics.num_young_pause_time = 2\n} else if ($t_metrics.num_young_pause_time <= 500) {\n    $t_metrics.num_young_pause_time = 3\n} else if ($t_metrics.num_young_pause_time <= 1000) {\n    $t_metrics.num_young_pause_time = 4\n} else {\n    $t_metrics.num_young_pause_time = 5\n}"},{"action":"if","name":"if_cd_not_empty","condition":"$t_cd.components.length > 0","then":[{"action":"system/Common/Array/Array Push","name":"push_component_data","inputs":[{"name":"array","value":"$t_metrics.component_data"},{"name":"item","value":"$t_cd"}]}],"else":[]}]}, {"action":"assign","name":"assign_result","variable":"$t_result","value":"{\n    \"pct_thread_usage\": ($t_metrics.pct_thread_usage * 100).toFixed(0),\n    \"num_runtime_running_as_root\": $t_metrics.num_runtime_running_as_root.toFixed(0),\n    \"pct_error_rate\": ($t_metrics.pct_error_rate * 100).toFixed(0),\n    \"pct_curr_max\": ($t_metrics.pct_curr_max * 100).toFixed(0),\n    \"max_session_timeout\": $t_metrics.max_session_timeout === Infinity ? \"inf\" : $t_metrics.max_session_timeout.toFixed(0),\n    \"num_http_only\": $t_metrics.num_http_only.toFixed(0),\n    \"pct_eden_mem_space_usage\": ($t_metrics.pct_eden_mem_space_usage * 100).toFixed(0),\n    \"pct_survivor_mem_space_usage\": ($t_metrics.pct_survivor_mem_space_usage * 100).toFixed(0),\n    \"pct_mem_old_gen_usage\": ($t_metrics.pct_mem_old_gen_usage * 100).toFixed(0),\n    \"num_old_pause_time\": $t_metrics.num_old_pause_time.toFixed(0),\n    \"num_young_pause_time\": $t_metrics.num_young_pause_time.toFixed(0),\n    \"pct_unencrypted_externalized_services\": ($t_metrics.pct_unencrypted_externalized_services * 100).toFixed(0),\n    \"pct_unencrypted_internalized_services\": ($t_metrics.pct_unencrypted_internalized_services * 100).toFixed(0),\n    \"pct_unencrypted_db_services\": ($t_metrics.pct_unencrypted_db_services * 100).toFixed(0),\n    \"num_server_on_http\": (Object.entries($in_merged_data).length - $t_metrics.num_server_on_http).toString(),\n    \"num_restarts\": $t_metrics.num_restarts.toFixed(0),\n    \"num_rejected_sessions\": $t_metrics.num_rejected_sessions.toFixed(0),\n    \"num_persistent_authentication\": $t_metrics.num_persistent_authentication.toFixed(0),\n    \"num_400_errors\": $t_metrics.num_400_errors.toFixed(0),\n    \"num_401_errors\": $t_metrics.num_401_errors.toFixed(0),\n    \"num_403_errors\": $t_metrics.num_403_errors.toFixed(0),\n    \"num_4xx_errors\": ($t_metrics.num_4xx_errors + $t_metrics.num_404_errors).toFixed(0),\n    \"num_max_active_sessions\": $t_metrics.num_max_active_sessions === Infinity ? \"inf\" : $t_metrics.num_max_active_sessions.toFixed(0),\n    \"num_current_active_sessions\": $t_metrics.num_current_active_sessions === Infinity ? \"inf\" : $t_metrics.num_current_active_sessions.toFixed(0),\n    \"max_session_alive_time\": $t_metrics.max_session_alive_time === Infinity ? \"inf\" : $t_metrics.max_session_alive_time.toFixed(0),\n    \"component_data\": $t_metrics.component_data\n}"}, {"name":"Function_1","function":"const keys = Object.keys($t_result);\n\nfor (var key of keys) {\n    if ($t_metrics_gathered[key]) {\n        $result[key] = $t_result[key];\n    }\n}","breakpoint":"enabled"}],"variables":[{"name":"in_merged_data","required":true,"isInput":true,"isOutput":false,"level":"INTERMEDIATE","type":{"type":"any"},"value":"{}"},{"name":"result","required":false,"isInput":false,"isOutput":true,"level":"INTERMEDIATE","type":{"type":"any"},"value":"{}"},{"name":"debug","required":false,"isInput":false,"isOutput":true,"level":"INTERMEDIATE","type":{"type":"array"},"value":"[]"},{"name":"t_metrics","required":false,"isInput":false,"isOutput":false,"level":"INTERMEDIATE","type":{"type":"object"},"value":"{\n    \"pct_thread_usage\": 0,\n    \"num_runtime_running_as_root\": 0,\n    \"pct_error_rate\": 0,\n    \"max_session_timeout\": 1,\n    \"num_http_only\": 0,\n    \"pct_eden_mem_space_usage\": 0,\n    \"pct_survivor_mem_space_usage\": 0,\n    \"pct_mem_old_gen_usage\": 0,\n    \"num_old_pause_time\": 0,\n    \"num_young_pause_time\": 0,\n    \"pct_unencrypted_externalized_services\": 0,\n    \"pct_unencrypted_internalized_services\": 0,\n    \"pct_unencrypted_db_services\": 0,\n    \"num_server_on_http\": 0,\n    \"num_restarts\": 0,\n    \"num_rejected_sessions\": 0,\n    \"num_persistent_authentication\": 0,\n    \"num_400_errors\": 0,\n    \"num_401_errors\": 0,\n    \"num_403_errors\": 0,\n    \"num_404_errors\": 0,\n    \"num_4xx_errors\": 0,\n    \"num_max_active_sessions\": 1,\n    \"num_current_active_sessions\": 0,\n    \"max_session_alive_time\": 1,\n    \"component_data\": []\n}"},{"name":"t_server","required":false,"isInput":false,"isOutput":false,"level":"INTERMEDIATE","type":{"type":"object"},"value":"{}"},{"name":"t_apps","required":false,"isInput":false,"isOutput":false,"level":"INTERMEDIATE","type":{"type":"object"},"value":"[]"},{"name":"t_app","required":false,"isInput":false,"isOutput":false,"level":"INTERMEDIATE","type":{"type":"object"},"value":"{}"},{"name":"t_cd","required":false,"isInput":false,"isOutput":false,"level":"INTERMEDIATE","type":{"type":"object"},"value":"{}"},{"name":"t_test","required":false,"isInput":false,"isOutput":true,"level":"INTERMEDIATE","type":{"type":"any"},"value":"[]"},{"name":"t_metrics_gathered","required":false,"isInput":false,"isOutput":false,"level":"INTERMEDIATE","type":{"type":"object"},"value":"{\n    \"pct_thread_usage\": false,\n    \"num_runtime_running_as_root\": false,\n    \"pct_error_rate\": false,\n    \"pct_curr_max\": true,\n    \"max_session_timeout\": false,\n    \"num_http_only\": false,\n    \"pct_eden_mem_space_usage\": false,\n    \"pct_survivor_mem_space_usage\": false,\n    \"pct_mem_old_gen_usage\": false,\n    \"num_old_pause_time\": false,\n    \"num_young_pause_time\": false,\n    \"pct_unencrypted_externalized_services\": false,\n    \"pct_unencrypted_internalized_services\": false,\n    \"pct_unencrypted_db_services\": false,\n    \"num_server_on_http\": false,\n    \"num_restarts\": false,\n    \"num_rejected_sessions\": false,\n    \"num_persistent_authentication\": false,\n    \"num_400_errors\": false,\n    \"num_401_errors\": false,\n    \"num_403_errors\": false,\n    \"num_404_errors\": false,\n    \"num_4xx_errors\": false,\n    \"num_max_active_sessions\": false,\n    \"num_current_active_sessions\": false,\n    \"max_session_alive_time\": false,\n    \"component_data\": []\n}"},{"name":"t_result","required":false,"isInput":false,"isOutput":false,"level":"INTERMEDIATE","type":{"type":"any"},"value":"\"\""},{"name":"t_pct_curr_max","required":false,"isInput":false,"isOutput":false,"level":"INTERMEDIATE","type":{"type":"string"},"value":"\"\""}],"meta":{"workerGroup":"default","lastUpdated":1762389518131,"layout":"flow","updatedByUsername":"ibmconcert","numberOfBlocks":12,"version":5},"finally":null}