{"name":"2 - Discovery","platform":"node","hash":"GR4PSHyk4/AWC6HkaMIUH+H5qMGLu5R/FJj7BJ+Xgz0=","blocks":[{"action":"../utils/TBR_aws_py_api_calls/TBR_util_aws_api_py_ecs_query","name":"get_cluster_list","inputs":[{"name":"in_aws_access_key","value":"$in_aws_access_key"},{"name":"in_aws_secret_key","value":"$in_aws_secret_key"},{"name":"in_aws_session_token","value":"$in_aws_session_token"},{"name":"in_aws_region","value":"$in_aws_region"},{"name":"in_target","value":"\"Cluster List\""},{"name":"in_TBR_payload","value":"{}"}]}, {"action":"foreach","name":"ForEach_1","list":"$get_cluster_list.result[\"clusterArns\"]","blocks":[{"action":"../utils/TBR_aws_py_api_calls/TBR_util_aws_api_py_ecs_query","name":"get_Service_list","inputs":[{"name":"in_aws_access_key","value":"$in_aws_access_key"},{"name":"in_aws_secret_key","value":"$in_aws_secret_key"},{"name":"in_aws_session_token","value":"$in_aws_session_token"},{"name":"in_aws_region","value":"$in_aws_region"},{"name":"in_target","value":"\"Service List\""},{"name":"in_TBR_payload","value":"{\n    cluster: $ForEach_1.item\n}"}]},{"action":"if","name":"If_serviceList","condition":"$get_Service_list.success","then":[{"action":"assign","name":"Assign_ECS_services","variable":"$t_service_list","value":"$get_Service_list.result"}],"else":[{"action":"system/Common/Array/Array Concat","name":"ArrayConcat_error","inputs":[{"name":"array1","value":"$error"},{"name":"array2","value":"$get_Service_list.error"}]}]},{"action":"./dis_getServiceInfo","name":"get_Services_Info","inputs":[{"name":"in_serviceList","value":"$t_service_list"},{"name":"in_aws_access_key","value":"$in_aws_access_key"},{"name":"in_aws_secret_key","value":"$in_aws_secret_key"},{"name":"in_aws_session_token","value":"$in_aws_session_token"},{"name":"in_aws_region","value":"$in_aws_region"},{"name":"in_clusterName","value":"$ForEach_1.item.match(/cluster\\/([^/]+)$/)?.[1]"},{"name":"in_aws_auth_key","value":"$in_aws_auth_key"}]},{"action":"if","name":"If_serviceInfo","condition":"$get_Services_Info.success","then":[{"action":"assign","name":"Assign_2","variable":"$success","value":"true"},{"action":"system/Common/Array/Array Push","name":"ArrayPush_result","inputs":[{"name":"array","value":"$result"},{"name":"item","value":"{\n    clusterName: $ForEach_1.item.match(/cluster\\/([^/]+)$/)?.[1],\n    clusterArn: $ForEach_1.item,\n    services: $get_Services_Info.result,\n    \"metrics\": {}\n}"}]}],"else":[{"action":"system/Common/Array/Array Concat","name":"ArrayConcat_error_2","inputs":[{"name":"array1","value":"$error"},{"name":"array2","value":"$get_Services_Info.error"}]}]}]}],"variables":[{"name":"in_aws_access_key","required":true,"isInput":true,"isOutput":false,"level":"INTERMEDIATE","type":{"type":"string"},"value":"\"\""},{"name":"in_aws_secret_key","required":true,"isInput":true,"isOutput":false,"level":"INTERMEDIATE","type":{"type":"string"},"value":"\"\""},{"name":"in_aws_session_token","required":true,"isInput":true,"isOutput":false,"level":"INTERMEDIATE","type":{"type":"string"},"value":"\"\""},{"name":"in_aws_region","required":true,"isInput":true,"isOutput":false,"level":"INTERMEDIATE","type":{"type":"string"},"value":"\"\""},{"name":"in_aws_auth_key","required":true,"isInput":true,"isOutput":false,"level":"INTERMEDIATE","type":{"type":"string"},"value":"\"\""},{"name":"result","required":false,"isInput":false,"isOutput":true,"level":"INTERMEDIATE","type":{"type":"any"},"value":"[]"},{"name":"error","required":false,"isInput":false,"isOutput":true,"level":"INTERMEDIATE","type":{"type":"array"},"value":"[]"},{"name":"debug","required":false,"isInput":false,"isOutput":true,"level":"INTERMEDIATE","type":{"type":"array"},"value":"[]"},{"name":"success","required":false,"isInput":false,"isOutput":true,"level":"INTERMEDIATE","type":{"type":"boolean"},"value":"false"},{"name":"t_service_list","required":false,"isInput":false,"isOutput":false,"level":"INTERMEDIATE","type":{"type":"array"},"value":"[]"},{"name":"t","required":false,"isInput":false,"isOutput":false,"level":"INTERMEDIATE","type":{"type":"any"},"value":"\"\""}],"meta":{"workerGroup":"default","created":1755230892439,"lastUpdated":1761953511529,"layout":"flow","updatedByUsername":"ibmconcert","numberOfBlocks":11,"version":5},"finally":null}