{"name":"Discover certificates using IBM Secrets Manager and ingest into IBM Concert","platform":"node","hash":"wOkG0eaWp6/kPYI12ETMg79aM4uZTSIVIyJtlR9XaOo=","blocks":[{"action":"system/Common/Status Message Update","name":"StatusMessageUpdate_Connecting","inputs":[{"name":"message","value":"\"Obtaining a list of certificates by IBM Secrets Manager...\""}]}, {"name":"Function_1","function":"if (!$env_name) {\n  throw new Error(' \"400 Bad Request\" \\n {\"error\": \"Missing required field: env_name\"}');\n}"}, {"action":"comment","value":"Discovering the certificates\n"}, {"action":"./discovery/List of IBM Secrets Manager certificates using IBM","name":"discover","inputs":[{"name":"auth","value":"$service_auth"}]}, {"action":"system/Common/Status Message Update","name":"StatusMessageUpdate_Connecting_1","inputs":[{"name":"message","value":"\"Creating a list of certificates fetched in JSON format...\""}]}, {"action":"foreach","name":"foreachDiscovered","list":"$discover.result","blocks":[{"action":"foreach","name":"foreachCertificate","list":"$foreachDiscovered.item.certificates","blocks":[{"action":"comment","value":"Decoding each certificate"},{"action":"./helpers/Decode an X.509 Certificate","name":"decode","inputs":[{"name":"certificate","value":"$foreachCertificate.item"},{"name":"metadata","value":"{\n    \"service\": $foreachDiscovered.item.service,\n    \"file\": $foreachDiscovered.item.file,\n    \"secret_id\": $foreachDiscovered.item.key,\n    \"secret_type\": $foreachDiscovered.item.secret_type,\n    \"secret_group_id\": $foreachDiscovered.item.secret_group_id\n}"}]},{"action":"system/Common/Array/Array Push","name":"ArrayPush_1","inputs":[{"name":"array","value":"$dataForFile"},{"name":"item","value":"$decode.result"}]}]}]}, {"action":"comment","value":"preparing certifIcate JSON"}, {"action":"./helpers/Create a JSON of IBMCloud Secrets manager Certificate","name":"createJSON","inputs":[{"name":"certificates","value":"$dataForFile"},{"name":"service_auth","value":"$service_auth"},{"name":"env_name","value":"$env_name"}]}, {"action":"comment","value":"Ingesting to IBM Concert"}, {"action":"./helpers/Ingest JSON Certificates Data into IBM Concert","name":"ingest","inputs":[{"name":"json","value":"JSON.stringify($createJSON.result)"},{"name":"data_type","value":"\"certificate\""}]}, {"action":"assign","name":"ingestResult","variable":"$result","value":"$ingest.result"}],"variables":[{"name":"service_auth","required":true,"isInput":true,"isOutput":false,"level":"INTERMEDIATE","type":{"type":"string"},"value":"\"\"","meta":{"description":"RNA Authentication for SSH","authType":"Common/SSH","subType":"authentication"}},{"name":"dataForFile","required":false,"isInput":false,"isOutput":false,"level":"INTERMEDIATE","type":{"type":"array"},"value":"[]"},{"name":"result","required":false,"isInput":false,"isOutput":true,"level":"INTERMEDIATE","type":{"type":"any"},"value":"\"\"","meta":{"description":"The result of the ingestion flow is currently ignored and used only for debug purposes"}},{"name":"env_name","required":true,"isInput":true,"isOutput":false,"level":"INTERMEDIATE","type":{"type":"string"},"value":"\"\""}],"meta":{"workerGroup":"default","created":1762414276978,"lastUpdated":1762414276978,"description":"This flow obtains a list of certificates in IBM Secrets Manager that is decoded, and then formed in JSON format and returned, ready to be ingested by IBM Concert","layout":"flow","updatedByUsername":"ibmconcert","numberOfBlocks":15,"version":5,"tags":[{"name":"Consumer","value":"Concert"},{"name":"Category","value":"Certificates"}]},"finally":null}