{"name":"concert_create_assessment","platform":"node","hash":"Ih3mVQxDnYzr4MkQPTDgYiJoQt13D5zhSzlapgyJYm4=","blocks":[{"action":"system/Common/DateTime/Date Format","name":"get_date","inputs":[{"name":"timestamp","value":"Date.now()"},{"name":"format","value":"\"yyyy-MM-DDTHH:mm:ss.00\""}]}, {"action":"try","name":"Try_1","try":[{"action":"system/IBM/Concert/Concert HTTP Request","name":"IBM_http_evaluate","inputs":[{"name":"authKey","value":"$in_auth_key"},{"name":"method","value":"\"POST\""},{"name":"path","value":"\"/resilience/grader/api/v1/evaluate\""},{"name":"headers","value":"{\n    \"Content-Type\": \"application/json\"\n}"},{"name":"body","value":"{\n    \"timestamp\": $get_date.result,\n    \"profile\": $in_profile_name,\n    \"target_type\": \"app\",\n    \"target\": $in_app_name,\n    \"data\": $in_metrics,\n    \"version\": $in_app_version,\n    \"origin\": \"Manual\",\n\n    \"custom_metadata\": {\n        \"origin_name\": \"Concert\"\n    },\n    \"component_data\": $in_component_data\n}"}]},{"action":"assign","name":"Assign_1","variable":"$test_var","value":"{\n    \"timestamp\": $get_date.result,\n    \"profile\": $in_profile_name,\n    \"target_type\": \"app\",\n    \"target\": $in_app_name,\n    \"data\": $in_metrics,\n    \"version\": $in_app_version,\n    \"origin\": \"Manual\",\n\n    \"custom_metadata\": {\n        \"origin_name\": \"Concert\"\n    },\n    \"component_data\": $in_component_data\n}"},{"action":"assign","name":"Assign_assessment_sucess","variable":"$t_assesment_success","value":"$IBM_http_evaluate.result"}],"catch":[]}, {"action":"if","name":"If_200","condition":"$t_assesment_success != \"\"","then":[{"action":"assign","name":"Assign_success","variable":"$success","value":"true"},{"action":"assign","name":"Assign_result","variable":"$result","value":"$IBM_http_evaluate.result"}],"else":[{"action":"assign","name":"Assign_error","variable":"$error","value":"\"Error: \" + $Try_1.message"}]}],"variables":[{"name":"in_auth_key","required":true,"isInput":true,"isOutput":false,"level":"INTERMEDIATE","type":{"type":"string"},"value":"\"\""},{"name":"in_app_name","required":true,"isInput":true,"isOutput":false,"level":"INTERMEDIATE","type":{"type":"string"},"value":"\"\""},{"name":"in_profile_name","required":false,"isInput":true,"isOutput":false,"level":"INTERMEDIATE","type":{"type":"string"},"value":"\"\""},{"name":"in_app_version","required":true,"isInput":true,"isOutput":false,"level":"INTERMEDIATE","type":{"type":"string"},"value":"\"\""},{"name":"in_metrics","required":true,"isInput":true,"isOutput":false,"level":"INTERMEDIATE","type":{"type":"object"},"value":"{}"},{"name":"in_component_data","required":true,"isInput":true,"isOutput":false,"level":"INTERMEDIATE","type":{"type":"array"},"value":"[]"},{"name":"result","required":false,"isInput":false,"isOutput":true,"level":"INTERMEDIATE","type":{"type":"any"},"value":"{}"},{"name":"success","required":false,"isInput":false,"isOutput":true,"level":"INTERMEDIATE","type":{"type":"boolean"},"value":"false"},{"name":"debug","required":false,"isInput":false,"isOutput":true,"level":"INTERMEDIATE","type":{"type":"object"},"value":"{}"},{"name":"error","required":false,"isInput":false,"isOutput":true,"level":"INTERMEDIATE","type":{"type":"array"},"value":"[]"},{"name":"t_assesment_success","required":false,"isInput":false,"isOutput":false,"level":"INTERMEDIATE","type":{"type":"string"},"value":"\"\""},{"name":"test_var","required":false,"isInput":false,"isOutput":true,"level":"INTERMEDIATE","type":{"type":"any"},"value":"\"\""}],"meta":{"workerGroup":"default","description":"evaluate endpoint to get scores","layout":"flow","version":5,"lastUpdated":1763538817586,"updatedByUsername":"ibmconcert","numberOfBlocks":9,"created":1763538817586},"finally":null}