{"name":"Dynatrace_Resilience_Sample","platform":"node","hash":"CZdytgVqsb8T5bSu0BiInURjfPtUk3ZJI7nPH5OC2YY=","blocks":[{"action":"if","name":"If_origin_url","condition":"/^https:\\/\\/[a-zA-Z0-9-]+\\.apps\\.dynatrace\\.com$/.test($origin_url)","then":[],"else":[{"action":"assign","name":"incorrect_url","value":"{\n    \"status\": \"Error\",\n    \"message\": \"Incorrect origin_url\"\n}","variable":"$result"},{"action":"exit"}]}, {"action":"comment","value":"Fetches the start and end time (from resilience )for which we need to find the metric"}, {"action":"./helper/FetchAssessmentTime","name":"FetchTimeWindow","inputs":[{"name":"concertAPIKey","value":"$concertAPIKey"},{"name":"applicationName","value":"$application_name"},{"name":"profileName","value":"$profile_name"},{"name":"origin","value":"$origin"},{"name":"origin_name","value":"$origin_name"},{"name":"defaultWindowSize","value":"$defaultWindowSize"}]}, {"action":"comment","value":"Enhance the timestamp and error handing"}, {"name":"Function_1","function":"function isEmpty(value) {\n    return value === null || value === undefined || value === \"\" || (typeof value === \"object\" && Object.keys(value).length === 0);\n};\n\nif (isEmpty($startTimestamp)) {\n    $startTimestamp = String($FetchTimeWindow.result.startTimestamp);\n}\n\nif (isEmpty($endTimestamp)) {\n    $endTimestamp = String($FetchTimeWindow.result.endTimestamp);\n    $endTime = Number($FetchTimeWindow.result.endTimestamp);\n} else {\n    $endTime = Number($endTimestamp);\n}\n\nif ($startTimestamp === \"\" || $endTimestamp === \"\" || isNaN($endTime)) {\n    $result = \"Error\";\n} else {\n    $result = \"Success\";\n}"}, {"action":"if","name":"If","condition":"$result === \"Success\"","then":[{"action":"comment","value":"Fetches the metrics from dynatrace"},{"action":"./Get_Dynatrace_Metrics","name":"GetMertices","inputs":[{"name":"dynatrace_auth","value":"$dynatrace_auth"},{"name":"startTimestamp","value":"$startTimestamp"},{"name":"endTimestamp","value":"$endTimestamp"},{"name":"managementZone","value":"$managementZone"}]},{"action":"comment","value":"Error handling for get_metrics (when no data for given timestamp)"},{"action":"assign","name":"Assign_1","variable":"$result","value":"$GetMertices.result"},{"name":"Function_2","function":"const metrics = [\n  $result.slo_error_rate_errorbudget,\n  $result.throughput_transactions,\n  $result.availability_by_error_rate,\n  $result.availability_by_synthetic_tests\n];\n\n$result = metrics.some(metric => metric.length > 0) ? \"Success\" : \"Error\";\n"},{"action":"if","name":"If_Condition","condition":"$result === \"Success\"","then":[{"action":"comment","value":"Transform the metrics got from dynatrace"},{"name":"Function_3","function":"function transformMetrics(result, operation) {\n    const resultData = {};\n\n    // mapping from outputKey to inputKey\n    const outputToInputMap = {\n        \"pct_slo_error_rate_errorbudget\": \"slo_error_rate_errorbudget\",\n        \"num_throughput_transactions\": \"throughput_transactions\",\n        \"pct_availability_by_error_rate\": \"availability_by_error_rate\",\n        \"pct_availability_by_synthetic_tests\": \"availability_by_synthetic_tests\"\n    };\n\n    function calculate(values, op) {\n        const allowedOps = [\"max\", \"min\", \"avg\", \"sum\"];\n        if (!allowedOps.includes(op)) {\n            throw new Error(`Unsupported operation \"${op}\". Supported operations are: ${allowedOps.join(\", \")}`);\n        }\n\n        const filtered = values.filter(v => v != null);\n        if (filtered.length === 0) return 0;\n\n        switch (op) {\n            case \"max\": return Math.max(...filtered);\n            case \"min\": return Math.min(...filtered);\n            case \"avg\": return filtered.reduce((a, b) => a + b, 0) / filtered.length;\n            case \"sum\": return filtered.reduce((a, b) => a + b, 0);\n        }\n    }\n\n    for (const [outputKey, op] of Object.entries(operation)) {\n        const inputKey = outputToInputMap[outputKey];\n        const list = result[inputKey] || [];\n        const values = [];\n\n        for (const item of list) {\n            const metricResults = item.result?.result || [];\n            for (const metric of metricResults) {\n                const dataItems = metric.data || [];\n                for (const dataItem of dataItems) {\n                    const metricValues = dataItem.values || [];\n                    values.push(...metricValues);\n                }\n            }\n        }\n\n        const computedValue = calculate(values, op);\n        if (computedValue > 0) {\n            resultData[outputKey] = computedValue.toFixed(2);\n        }\n    }\n\n    return { data: resultData };\n}\n\n\n\n$result = transformMetrics($GetMertices.result, $operation);\n"},{"action":"comment","value":"Calling evaluate api by sending the metrics"},{"action":"./helper/LoadAssessments","name":"loadAssesments","inputs":[{"name":"applicationName","value":"$application_name"},{"name":"profileName","value":"$profile_name"},{"name":"data","value":"$result.data"},{"name":"timestamp","value":"$endTime"},{"name":"origin_name","value":"$origin_name"},{"name":"origin_url","value":"$origin_url"},{"name":"concert_api_key_auth","value":"$concertAPIKey"},{"name":"applicationVersion","value":"$applicationVersion"},{"name":"origin","value":"$origin"}]},{"action":"comment","value":"response assessment id when sucess"},{"action":"assign","name":"FinalResult","variable":"$result","value":"{\n    \"response\": $loadAssesments.result,\n    \"assessment_data\": $loadAssesments.assessment_data\n}"}],"else":[{"action":"assign","name":"metricErr","value":"{\n    \"status\": \"Error\",\n    \"message\": \"There is no data for the given timestamp\"\n}","variable":"$result"}]}],"else":[{"action":"assign","name":"ErrFetchingTimestamp","value":"{\n    \"status\": \"Error\",\n    \"message\": \"Error while fetching assesment time window\"\n}","variable":"$result"}]}],"variables":[{"name":"result","required":false,"isInput":false,"isOutput":true,"level":"INTERMEDIATE","type":{"type":"any"},"value":"\"\""},{"name":"applicationVersion","required":true,"isInput":true,"isOutput":false,"level":"INTERMEDIATE","type":{"type":"string"},"value":"\"\""},{"name":"origin_name","required":true,"isInput":true,"isOutput":false,"level":"INTERMEDIATE","type":{"type":"string"},"value":"\"Dynatrace\""},{"name":"origin","required":false,"isInput":false,"isOutput":false,"level":"INTERMEDIATE","type":{"type":"string"},"value":"\"APM\""},{"name":"origin_url","required":true,"isInput":true,"isOutput":false,"level":"INTERMEDIATE","type":{"type":"string"},"value":"\"\""},{"name":"application_name","required":true,"isInput":true,"isOutput":false,"level":"INTERMEDIATE","type":{"type":"string"},"value":"\"\""},{"name":"profile_name","required":true,"isInput":true,"isOutput":false,"level":"INTERMEDIATE","type":{"type":"string"},"value":"\"nfr_critical_apps_profile\""},{"name":"defaultWindowSize","required":true,"isInput":true,"isOutput":false,"level":"INTERMEDIATE","type":{"type":"number"},"value":"30000"},{"name":"startTimestamp","required":false,"isInput":true,"isOutput":true,"level":"INTERMEDIATE","type":{"type":"string"},"value":"\"\""},{"name":"endTimestamp","required":false,"isInput":true,"isOutput":true,"level":"INTERMEDIATE","type":{"type":"string"},"value":"\"\""},{"name":"endTime","required":false,"isInput":false,"isOutput":false,"level":"INTERMEDIATE","type":{"type":"number"},"value":"0"},{"name":"concertAPIKey","required":true,"isInput":true,"isOutput":false,"level":"INTERMEDIATE","type":{"type":"string"},"value":"\"\"","meta":{"authType":["IBM/ConcertAPIKey","IBM/HubSelf"],"subType":"authentication"}},{"name":"dynatrace_auth","required":true,"isInput":true,"isOutput":false,"level":"INTERMEDIATE","type":{"type":"string"},"value":"\"\"","meta":{"authType":"Dynatrace","subType":"authentication"}},{"name":"managementZone","required":true,"isInput":true,"isOutput":false,"level":"INTERMEDIATE","type":{"type":"string"},"value":"\"\""},{"name":"operation","required":true,"isInput":true,"isOutput":false,"level":"INTERMEDIATE","type":{"type":"object"},"value":"{\n  \"pct_slo_error_rate_errorbudget\": \"avg\",\n  \"num_throughput_transactions\": \"max\",\n  \"pct_availability_by_error_rate\": \"avg\",\n  \"pct_availability_by_synthetic_tests\": \"avg\"\n}"}],"meta":{"workerGroup":"default","created":1764658285893,"lastUpdated":1764658334929,"layout":"flow","updatedByUsername":"ibmconcert","numberOfBlocks":22,"version":5},"finally":null}