{"name":"Get_Dynatrace_Metrics","platform":"node","hash":"m/Oa40MdXfR2VlPQte1izlpslpuPF9iVdKViRru3FG4=","blocks":[{"name":"Split_2","action":"split","branches":[{"blocks":[{"action":"system/Dynatrace/Environment/Monitored entities/Get Entities","name":"Dynatrace","inputs":[{"name":"authKey","value":"$dynatrace_auth"},{"name":"entitySelector","value":"\"type(SERVICE),mzName(\" + $managementZone + \")\""}]},{"action":"foreach-parallel","name":"ForEachService","list":"$Dynatrace.result.entities","blocks":[{"name":"Split_1","action":"split","branches":[{"blocks":[{"action":"system/Dynatrace/Environment/Service-level objectives/Get Slo","name":"getSlos","inputs":[{"name":"authKey","value":"$dynatrace_auth"}]},{"action":"foreach-parallel","name":"ForEachSlos","list":"$getSlos.result.slo","blocks":[{"action":"if","name":"If","condition":"$ForEachSlos.item.name === $ForEachService.item.displayName","then":[{"action":"system/Dynatrace/Environment/Metrics/Query","name":"errorBudgetBurnRateCalc","inputs":[{"name":"authKey","value":"$dynatrace_auth"},{"name":"metricSelector","value":"$ForEachSlos.item.errorBudgetMetricKey"},{"name":"from","value":"$startTimestamp"},{"name":"to","value":"$endTimestamp"},{"name":"entitySelector","value":"\"entityId(\" + $ForEachService.item.entityId + \")\""}]},{"action":"assign","name":"sloErrRateAllServices","variable":"$errorBudgetBurnRate","value":"$errorBudgetBurnRate.concat([{\n    \"key\": $ForEachService.item.entityId,\n    \"result\": $errorBudgetBurnRateCalc.result\n}])"}],"else":[]}]}]},{"blocks":[{"action":"system/Dynatrace/Environment/Metrics/Query","name":"throughputCalc","inputs":[{"name":"authKey","value":"$dynatrace_auth"},{"name":"metricSelector","value":"\"builtin:service.requestCount.total\""},{"name":"from","value":"$startTimestamp"},{"name":"to","value":"$endTimestamp"},{"name":"entitySelector","value":"\"entityId(\" + $ForEachService.item.entityId + \")\""}]},{"action":"assign","name":"thoroughputAllServices","variable":"$throughput","value":"$throughput.concat([{\n    \"key\": $ForEachService.item.entityId,\n    \"result\": $throughputCalc.result\n}])"}]},{"blocks":[{"action":"system/Dynatrace/Environment/Metrics/Query","name":"availabilityByErrorRateCalc","inputs":[{"name":"authKey","value":"$dynatrace_auth"},{"name":"metricSelector","value":"\"builtin:service.errors.server.rate\""},{"name":"from","value":"$startTimestamp"},{"name":"to","value":"$endTimestamp"},{"name":"entitySelector","value":"\"entityId(\" + $ForEachService.item.entityId + \")\""}]},{"action":"assign","name":"availabilityByErrorAllServices","variable":"$availabilityByErrorRate","value":"$availabilityByErrorRate.concat([{\n    \"key\": $ForEachService.item.entityId,\n    \"result\": $availabilityByErrorRateCalc.result\n}])"}]}]}]}]},{"blocks":[{"action":"system/Dynatrace/Environment v1/Synthetic - Monitors/Get Monitors Collection","name":"synthetic_tests","inputs":[{"name":"authKey","value":"$dynatrace_auth"}]},{"action":"foreach-parallel","name":"ForEachTest","list":"$synthetic_tests.result.monitors","blocks":[{"action":"system/Dynatrace/Environment/Metrics/Query","name":"DetailsOnHTTPTest","inputs":[{"name":"authKey","value":"$dynatrace_auth"},{"name":"metricSelector","value":"\"builtin:synthetic.http.availability.location.total\""},{"name":"from","value":"$startTimestamp"},{"name":"to","value":"$endTimestamp"},{"name":"entitySelector","value":"\"entityId(\"+ $ForEachTest.item.entityId+\")\""}]},{"action":"if","name":"IfCondition","condition":"$DetailsOnHTTPTest.result.warnings","then":[{"action":"system/Dynatrace/Environment/Metrics/Query","name":"DetailsOnWebTest","inputs":[{"name":"authKey","value":"$dynatrace_auth"},{"name":"metricSelector","value":"\"builtin:synthetic.browser.availability.location.total\""},{"name":"from","value":"$startTimestamp"},{"name":"to","value":"$endTimestamp"},{"name":"entitySelector","value":"\"entityId(\"+ $ForEachTest.item.entityId+\")\""}]},{"action":"assign","name":"AssignWebTest","value":"$synthetic_test.concat([{\n    \"key\": $ForEachTest.item.entityId,\n    \"result\": $DetailsOnWebTest.result\n}])","variable":"$synthetic_test"}],"else":[{"action":"assign","name":"AssignHttpTest","value":"$synthetic_test.concat([{\n    \"key\": $ForEachTest.item.entityId,\n    \"result\": $DetailsOnHTTPTest.result\n}])","variable":"$synthetic_test"}]}]}]}]}, {"action":"assign","name":"output","variable":"$result","value":"{\n    \"slo_error_rate_errorbudget\": $errorBudgetBurnRate,\n    \"throughput_transactions\": $throughput,\n    \"availability_by_error_rate\": $availabilityByErrorRate,\n    \"availability_by_synthetic_tests\": $synthetic_test\n}"}],"variables":[{"name":"dynatrace_auth","required":true,"isInput":true,"isOutput":false,"level":"INTERMEDIATE","type":{"type":"string"},"value":"\"\""},{"name":"throughput","required":false,"isInput":false,"isOutput":false,"level":"INTERMEDIATE","type":{"type":"array"},"value":"[]"},{"name":"errorBudgetBurnRate","required":false,"isInput":false,"isOutput":false,"level":"INTERMEDIATE","type":{"type":"array"},"value":"[]"},{"name":"availabilityByErrorRate","required":false,"isInput":false,"isOutput":false,"level":"INTERMEDIATE","type":{"type":"array"},"value":"[]"},{"name":"synthetic_test","required":false,"isInput":false,"isOutput":false,"level":"INTERMEDIATE","type":{"type":"array"},"value":"[]"},{"name":"result","required":false,"isInput":false,"isOutput":true,"level":"INTERMEDIATE","type":{"type":"string"},"value":"\"\""},{"name":"startTimestamp","required":true,"isInput":true,"isOutput":false,"level":"INTERMEDIATE","type":{"type":"string"},"value":"\"\""},{"name":"endTimestamp","required":true,"isInput":true,"isOutput":false,"level":"INTERMEDIATE","type":{"type":"string"},"value":"\"\""},{"name":"managementZone","required":true,"isInput":true,"isOutput":false,"level":"INTERMEDIATE","type":{"type":"string"},"value":"\"\""}],"meta":{"workerGroup":"default","created":1764658285753,"lastUpdated":1764658285753,"layout":"flow","updatedByUsername":"ibmconcert","numberOfBlocks":26,"version":5},"finally":null}