{"name":"discoverAppSbomsVm","platform":"node","hash":"rJlp2ljFuSm0v7qR3DonWRgnYVkgkouxXksQNRr/d+Y=","blocks":[{"name":"Split_1","action":"split","branches":[{"blocks":[{"action":"system/Common/SSH/SSH","name":"FetchContainerImage","inputs":[{"name":"authKey","value":"$vm"},{"name":"command","value":"$docker_command + ` ps --format \"{{.Image}}\"`"},{"name":"connectionPool","value":"true"}]}]},{"blocks":[{"action":"system/Common/SSH/SSH","name":"hostname","inputs":[{"name":"authKey","value":"$vm"},{"name":"command","value":"`hostname`"}]}]},{"blocks":[{"action":"system/Common/SSH/SSH","name":"ipAddress","inputs":[{"name":"authKey","value":"$vm"},{"name":"command","value":"`hostname -I | awk '{print $1}'`"}]}]}]}, {"name":"Function_1","function":"function generateAllSboms(containerImageListStr, env, hostname, ip) {\n    const containerImages = containerImageListStr.replace(/\\\\n/g, \"\\n\").split(\"\\n\").filter(Boolean);\n    const appGroups = {};\n\n    containerImages.forEach(image => {\n        const appName = extractAppName(image);\n\n        if (appName) {\n            if (!appGroups[appName]) {\n                appGroups[appName] = [];\n            }\n\n            appGroups[appName].push(image);\n        }\n    });\n\n    const sboms = [];\n\n    Object.entries(appGroups).forEach(([appName, images]) => {\n        const result = generateComponents(images);\n\n        const sbom = {\n            bomFormat: \"ConcertDef\",\n            specVersion: \"1.0.2\",\n\n            metadata: {\n                timestamp: new Date().toISOString(),\n                type: \"application\",\n\n                component: {\n                    name: appName,\n                    version: \"1.0.0\"\n                }\n            },\n            environments: [{\n                \"bom-ref\": \"environment:\" + env,\n                type: \"environment\",\n                name: env\n            }],\n            \"runtime-components\": [{\n                \"bom-ref\": `service:vm:${hostname.trim().split(\".\")[0]}`,\n                \"name\": hostname.trim().split(\".\")[0],\n                \"type\": \"vm\",\n\n                \"ipv4\": [{\n                    \"addr\": ip.replace(/\\n/g, \"\")\n                }],\n                hostname: hostname.replace(/\\n/g, \"\"),\n                properties: [],\n                components: result.components\n            }],\n            services: [],\n\n            dependencies: [{\n                \"bom-ref\": \"environment:\" + env,\n                \"dependsOn\": [`service:vm:${hostname.trim().split(\".\")[0]}`]\n            }],\n            properties: []\n        };\n\n        sboms.push(JSON.stringify(sbom, null, 2));\n    });\n\n    return sboms;\n};\n\nfunction generateComponents(containerImages) {\n    const components = [];\n\n    containerImages.forEach(imageStr => {\n        const hasTag = imageStr.includes(\":\");\n        const parts = imageStr.split(\"/\");\n        const lastPart = parts[parts.length - 1];\n        const [serviceName] = hasTag ? lastPart.split(\":\") : [lastPart];\n        const image = hasTag ? imageStr.split(\":\")[0] : imageStr;\n\n        if (!serviceName)\n            return;\n\n        const component = {\n            \"bom-ref\": `container:${imageStr}`,\n            type: \"container\",\n            name: image\n        };\n\n        if (hasTag) {\n            component.uri = imageStr;\n        }\n\n        components.push(component);\n    });\n\n    return {\n        components\n    };\n}\n\nfunction extractAppName(imagePath) {\n    const pattern = /^(?:(?<registry>[\\w.-]+(?::\\d+)?)\\/)?(?:(?<repository>[\\w/-]+)\\/)?(?<image_name>[\\w.-]+)(?::(?<tag>[\\w.-]+))?(?:@(?<digest>[\\w.-:]+))?$/;\n    const match = imagePath.match(pattern);\n\n    if (match && match.groups) {\n        const repository = match.groups.repository;\n\n        if (repository) {\n            const parts = repository.split(\"/\");\n\n            if (parts.length >= 2) {\n                return parts[1];\n            } else if (parts.length === 1) {\n                return parts[0];\n            }\n        }\n\n        const registry = match.groups.registry;\n\n        if (registry)\n            return registry;\n    }\n\n    return null;\n}\n\n$result = generateAllSboms($FetchContainerImage.result, $env, $hostname.result, $ipAddress.result)"}, {"action":"foreach","name":"ForeachAppSbom","list":"$result","blocks":[{"action":"./uploadFileToConcert","name":"uploadSbom","inputs":[{"name":"filename","value":"$ForeachAppSbom.item"},{"name":"datatype","value":"$data_type"},{"name":"filetype","value":"\"json\""},{"name":"concert_api_key_auth","value":"$api_key"}]},{"action":"assign","name":"Assign_1","variable":"$applications","value":"$applications.concat([{\n    \"result\": $uploadSbom.result\n}])"}]}, {"action":"assign","name":"Assign_2","variable":"$result","value":"$applications"}],"variables":[{"name":"result","required":false,"isInput":false,"isOutput":true,"level":"INTERMEDIATE","type":{"type":"array"},"value":"[]"},{"name":"env","required":true,"isInput":true,"isOutput":false,"level":"INTERMEDIATE","type":{"type":"string"},"value":"\"\""},{"name":"data_type","required":true,"isInput":true,"isOutput":false,"level":"INTERMEDIATE","type":{"type":"string"},"value":"\"\""},{"name":"api_key","required":true,"isInput":true,"isOutput":false,"level":"INTERMEDIATE","type":{"type":"string"},"value":"\"\""},{"name":"vm","required":true,"isInput":true,"isOutput":false,"level":"INTERMEDIATE","type":{"type":"string"},"value":"\"\""},{"name":"applications","required":false,"isInput":false,"isOutput":false,"level":"INTERMEDIATE","type":{"type":"array"},"value":"[]"},{"name":"docker_command","required":true,"isInput":true,"isOutput":false,"level":"INTERMEDIATE","type":{"type":"string"},"value":"\"\""}],"meta":{"workerGroup":"default","created":1761575289515,"lastUpdated":1761575289515,"description":"Workflow is to discover the application in vm by looking into registry images running in the image","layout":"flow","updatedByUsername":"ibmconcert","numberOfBlocks":12,"version":5},"finally":null}