{"name":"Ec2_Metrics_Assessment_WF","platform":"node","hash":"qLU2JldF6EWpTNnqypoxY55rujCnrvv7eKqhXw+BZPw=","blocks":[{"action":"comment","value":"Inputs validation"}, {"name":"Function_1","function":"const missingFields = [];\n\n// New checks based on your screenshot\nif (!$in_profile_name) missingFields.push(\"in_profile_name\");\nif (!$ibm_concert_api) missingFields.push(\"ibm_concert_api\");\nif (!$in_app_name) missingFields.push(\"in_app_name\");\nif (!($metrics_data && Object.keys($metrics_data).length > 0)) {\n  missingFields.push(\"metrics_data\");\n}\nif (!$in_app_version) missingFields.push(\"in_app_version\");\n\nif (missingFields.length > 0) {\n  throw new Error(\n    `400 Bad Request: Missing required input field(s): ${missingFields.join(\", \")}`\n  );\n}\n"}, {"action":"comment","value":"NFR calculations"}, {"name":"Function_2","function":"function calculatePctHostsAbove20PctSwap(instances) {\n    const instanceIds = Object.keys(instances);\n\n    if (instanceIds.length === 0)\n        return 0;\n\n    let aboveCount = 0;\n\n    for (const id of instanceIds) {\n        const inst = instances[id];\n        const swapUsed = inst.swap_used || 0;\n        const swapFree = inst.swap_free || 0;\n        const totalSwap = swapUsed + swapFree;\n\n        if (totalSwap > 0) {\n            const utilization = (swapUsed / totalSwap) * 100;\n\n            if (utilization > 20)\n                aboveCount++;\n        }\n    }\n\n    return (aboveCount / instanceIds.length) * 100;\n};\n\nfunction calculatePctHostsAbove95PctDisk(instances) {\n    const instanceIds = Object.keys(instances);\n\n    if (instanceIds.length === 0)\n        return 0;\n\n    let aboveCount = 0;\n\n    for (const id of instanceIds) {\n        const inst = instances[id];\n        const diskUsed = inst.disk_used || 0;\n        const diskFree = inst.disk_free || 0;\n        const totalDisk = diskUsed + diskFree;\n\n        if (totalDisk > 0) {\n            const utilization = (diskUsed / totalDisk) * 100;\n\n            if (utilization > 95) {\n                aboveCount++;\n            }\n        }\n    }\n\n    return (aboveCount / instanceIds.length) * 100;\n}\n\nfunction calculatePctHostsAbove70PctTmpDisk(instances) {\n    const instanceIds = Object.keys(instances);\n\n    if (instanceIds.length === 0)\n        return 0;\n\n    let aboveCount = 0;\n\n    for (const id of instanceIds) {\n        const inst = instances[id];\n        const tmpDiskUsed = inst.tmp_disk_used || 0;\n        const tmpDiskFree = inst.tmp_disk_free || 0;\n        const totalTmpDisk = tmpDiskUsed + tmpDiskFree;\n\n        if (totalTmpDisk > 0) {\n            const utilization = (tmpDiskUsed / totalTmpDisk) * 100;\n\n            if (utilization > 70) {\n                aboveCount++;\n            }\n        }\n    }\n\n    return (aboveCount / instanceIds.length) * 100;\n}\n\nfunction calculateNumActiveConnections(instances) {\n    const instanceIds = Object.keys(instances);\n    let totalConnections = 0;\n    let hasValidConnection = false;\n\n    for (const id of instanceIds) {\n        const inst = instances[id];\n        const connections = inst.netstat_tcp_established;\n\n        if (connections !== null && connections !== undefined) {\n            totalConnections += connections;\n            hasValidConnection = true;\n        }\n    }\n\n    return hasValidConnection ? totalConnections : null;\n}\n\nfunction calculateNumPendingUpdates(instances) {\n    const instanceIds = Object.keys(instances);\n    let totalUpdates = 0;\n    let hasValidValue = false;\n\n    for (const id of instanceIds) {\n        const inst = instances[id];\n        const pendingUpdates = inst.num_pending_update_across_hosts;\n\n        if (pendingUpdates !== null && pendingUpdates !== undefined) {\n            totalUpdates += pendingUpdates;\n            hasValidValue = true;\n        }\n    }\n\n    return hasValidValue ? totalUpdates : null;\n}\n\nfunction calculatePctHostsWithFilesystemErrors(instances) {\n    const instanceIds = Object.keys(instances);\n\n    if (instanceIds.length === 0)\n        return 0;\n\n    let errorCount = 0;\n\n    for (const id of instanceIds) {\n        const inst = instances[id];\n        const fsError = inst.filesystem_error;\n\n        if (fsError !== null && fsError !== undefined) {\n            errorCount++;\n        }\n    }\n\n    return (errorCount / instanceIds.length) * 100;\n}\n\nfunction calculatePctHostsWithActiveFirewall(instances) {\n    const instanceIds = Object.keys(instances);\n\n    if (instanceIds.length === 0)\n        return null;\n\n    let activeCount = 0;\n    let hasValidValue = false;\n\n    for (const id of instanceIds) {\n        const inst = instances[id];\n        const firewallActive = inst.firewall_active;\n\n        if (firewallActive !== null) {\n            hasValidValue = true;\n        }\n\n        if (firewallActive !== null && firewallActive === 1) {\n            activeCount++;\n        }\n    }\n\n    return hasValidValue ? (activeCount / instanceIds.length) * 100 : null;\n}\n\nfunction calculateNumDisabledUnnecessaryServices(instances) {\n    const instanceIds = Object.keys(instances);\n\n    if (instanceIds.length === 0)\n        return null;\n\n    let totalDisabled = 0;\n    let hasValidValue = false;\n\n    for (const id of instanceIds) {\n        const inst = instances[id];\n        const disabledServices = inst.num_disabled_unnecessary_services;\n\n        if (disabledServices !== null && disabledServices !== undefined) {\n            totalDisabled += disabledServices;\n            hasValidValue = true;\n        }\n    }\n\n    return hasValidValue ? totalDisabled : null;\n}\n\nfunction calculateNumNonHttpsPorts(instances) {\n    const instanceIds = Object.keys(instances);\n\n    if (instanceIds.length === 0)\n        return null;\n\n    let totalPorts = 0;\n    let hasValidValue = false;\n\n    for (const id of instanceIds) {\n        const inst = instances[id];\n        const nonHttpsPorts = inst.num_non_https_ports;\n\n        if (nonHttpsPorts !== null && nonHttpsPorts !== undefined) {\n            totalPorts += nonHttpsPorts;\n            hasValidValue = true;\n        }\n    }\n\n    return hasValidValue ? totalPorts : null;\n}\n\nfunction calculatePctWorkloadsWithin90PctCpuLimits(instances) {\n    const instanceIds = Object.keys(instances);\n\n    if (instanceIds.length === 0)\n        return null;\n\n    let withinCount = 0;\n    let hasValidValue = false;\n\n    for (const id of instanceIds) {\n        const inst = instances[id];\n        const cpuUtil = inst.cpuutilization;\n\n        if (cpuUtil !== null && cpuUtil !== undefined) {\n            hasValidValue = true;\n\n            if (cpuUtil <= 90) {\n                withinCount++;\n            }\n        }\n    }\n\n    return hasValidValue ? (withinCount / instanceIds.length) * 100 : null;\n}\n\nfunction calculatePctWorkloadsWithin90PctMemoryLimits(instances) {\n    const instanceIds = Object.keys(instances);\n\n    if (instanceIds.length === 0)\n        return null;\n\n    let withinLimitCount = 0;\n    let hasValidValue = false;\n\n    for (const id of instanceIds) {\n        const inst = instances[id];\n        const memUsedPercent = inst.mem_used_percent;\n\n        if (memUsedPercent !== null && memUsedPercent !== undefined) {\n            hasValidValue = true;\n\n            if (memUsedPercent <= 90) {\n                withinLimitCount++;\n            }\n        }\n    }\n\n    return hasValidValue ? (withinLimitCount / instanceIds.length) * 100 : null;\n}\n\nconst numActiveConnection = calculateNumActiveConnections($metrics_data);\nconst num_pending_updates = calculateNumPendingUpdates($metrics_data);\nconst pctFilesystemErrors = calculatePctHostsWithFilesystemErrors($metrics_data);\nconst pctActiveFirewall = calculatePctHostsWithActiveFirewall($metrics_data);\nconst numDisabledServices = calculateNumDisabledUnnecessaryServices($metrics_data);\nconst numNonHttpsPorts = calculateNumNonHttpsPorts($metrics_data);\nconst cpuutilzation = calculatePctWorkloadsWithin90PctCpuLimits($metrics_data);\nconst memoryutilzation = calculatePctWorkloadsWithin90PctMemoryLimits($metrics_data);\n\n$AssessmentMetrics = {\n    pct_hosts_above_20pct_swap_space_utilization: calculatePctHostsAbove20PctSwap($metrics_data),\n    pct_hosts_above_95pct_disk_usage: calculatePctHostsAbove95PctDisk($metrics_data),\n    pct_hosts_above_70pct_tmp_disk_space_utilization: calculatePctHostsAbove70PctTmpDisk($metrics_data)\n};\n\nif (numActiveConnection !== null) {\n    $AssessmentMetrics.num_active_connection = numActiveConnection;\n}\n\nif (num_pending_updates !== null) {\n    $AssessmentMetrics.num_pending_update_across_hosts = num_pending_updates;\n}\n\nif (pctFilesystemErrors > 0) {\n    $AssessmentMetrics.pct_hosts_with_filesystem_errors = pctFilesystemErrors;\n}\n\nif (pctActiveFirewall !== null) {\n    $AssessmentMetrics.pct_hosts_with_active_firewall = pctActiveFirewall;\n}\n\nif (numDisabledServices !== null) {\n    $AssessmentMetrics.num_disabled_unnecessary_services = numDisabledServices;\n}\n\nif (numNonHttpsPorts !== null) {\n    $AssessmentMetrics.num_non_https_ports = numNonHttpsPorts;\n}\n\nif (cpuutilzation !== null) {\n    $AssessmentMetrics.pct_workloads_within_90pct_cpu_limits = cpuutilzation;\n}\n\nif (memoryutilzation !== null) {\n    $AssessmentMetrics.pct_workloads_within_90pct_memory_limits = memoryutilzation;\n}"}, {"action":"comment","value":"invoke assessment api"}, {"action":"system/IBM/Concert/Concert HTTP Request","name":"assessment_api","inputs":[{"name":"authKey","value":"$ibm_concert_api"},{"name":"method","value":"\"POST\""},{"name":"path","value":"\"/resilience/assessment/api/v1/evaluate\""},{"name":"body","value":"{\n    \"timestamp\": new Date().toISOString(),\n    \"version\": $in_app_version,\n    \"origin\": \"scanner\",\n    \"profile\": $in_profile_name,\n    \"target_type\": \"app\",\n    \"target\": $in_app_name,\n    \"data\": $AssessmentMetrics\n}"}]}, {"action":"assign","name":"Assign_1","variable":"$result","value":"$assessment_api"}],"variables":[{"name":"result","required":false,"isInput":false,"isOutput":true,"level":"INTERMEDIATE","type":{"type":"any"},"value":"\"\""},{"name":"metrics_data","required":false,"isInput":true,"isOutput":false,"level":"INTERMEDIATE","type":{"type":"object"},"value":"{}"},{"name":"AssessmentMetrics","required":false,"isInput":false,"isOutput":false,"level":"INTERMEDIATE","type":{"type":"object"},"value":"{}"},{"name":"ibm_concert_api","required":false,"isInput":true,"isOutput":false,"level":"INTERMEDIATE","type":{"type":"string"},"value":"\"\"","meta":{"authType":"IBM/ConcertAPIKey","subType":"authentication"}},{"name":"in_profile_name","required":false,"isInput":true,"isOutput":false,"level":"INTERMEDIATE","type":{"type":"string"},"value":"\"\""},{"name":"in_app_name","required":false,"isInput":true,"isOutput":false,"level":"INTERMEDIATE","type":{"type":"string"},"value":"\"\""},{"name":"in_app_version","required":false,"isInput":true,"isOutput":false,"level":"INTERMEDIATE","type":{"type":"string"},"value":"\"\""}],"meta":{"workerGroup":"default","created":1758006656106,"lastUpdated":1758007063208,"description":"This workflow produces consolidated posture assessments for all instances linked to the application, based on the provided metrics data.","layout":"flow","updatedByUsername":"ibmconcert","numberOfBlocks":7,"version":5},"finally":null}