{"name":"Re-Run Discovery Ingestion","platform":"node","hash":"r6q0h3KhJizFwiwT/0HRCPfFOh+PMqK3NZm+kGvFgfQ=","blocks":[{"action":"if","name":"IngestionJobsCheck","condition":"$discoveryIngestionJobName.length > 0","then":[{"action":"system/IBM/Concert/Ingestion Jobs/List All Ingestion Jobs","name":"ListIngestionJobs","inputs":[{"name":"authKey","value":"$concertAuth"}]},{"name":"Function_1","function":"function filterDiscoveryJobs(allJobData, jobNames) {\n    if (Array.isArray(allJobData.ingestion_jobs)) {\n        const nameSet = new Set(jobNames);\n        return allJobData.ingestion_jobs.filter(jobObj => nameSet.has(jobObj.name)).map(jobObj => jobObj.id);\n    } else {\n        return [];\n    }\n};\n\n$discoveryIngestionJobIds = filterDiscoveryJobs($ListIngestionJobs.result, $discoveryIngestionJobName)"},{"action":"if","name":"IngestionJobIdCheck","condition":"$discoveryIngestionJobIds.length > 0","then":[{"action":"foreach","name":"LoopIngestionJobId","list":"$discoveryIngestionJobIds","blocks":[{"action":"assign","name":"AssignJobPayload","variable":"$jobSubmitPayload.job_details.job_id","value":"$LoopIngestionJobId.item"},{"action":"system/IBM/Concert v2/Ingestion Jobs/Trigger an Ingestion Job Framework","name":"SubmitDiscoveryJob","inputs":[{"name":"authKey","value":"$concertAuth"},{"name":"Body","value":"$jobSubmitPayload"}]},{"action":"if","name":"SubmitDiscoveryJobCheck","condition":"$SubmitDiscoveryJob.result === \"Job submitted successfully\"","then":[{"action":"assign","name":"IncrementSucessfulJobs","variable":"$successfulSubmittedJobs","value":"$successfulSubmittedJobs + 1"},{"action":"while","name":"JobStatusCheck","condition":"true","blocks":[{"action":"system/IBM/Concert/Ingestion Jobs/Get an Ingestion Job","name":"GetJob","inputs":[{"name":"authKey","value":"$concertAuth"},{"name":"ingestion_job_id","value":"$LoopIngestionJobId.item"}]},{"action":"if","name":"GetJobResultCheck","condition":"$GetJob.result.status == \"SUCCESS\" || $GetJob.result.status == \"ERROR\"","then":[{"action":"if","name":"JobFailCheck","condition":"$GetJob.result.status == \"ERROR\"","then":[{"action":"system/Common/Array/Array Push","name":"PushFailJobId","inputs":[{"name":"array","value":"$failedJobs"},{"name":"item","value":"$LoopIngestionJobId.item"}]}],"else":[]},{"action":"break"}],"else":[]},{"action":"system/Common/Sleep","name":"SleepBeforeNextCheck","inputs":[{"name":"seconds","value":"10"}]}]}],"else":[]}]}],"else":[{"action":"assign","name":"IngestionJobIdNotFoundErr","variable":"$result","value":"{\n    \"error\": \"ingestion job IDs not found\"\n}"},{"action":"exit"}]}],"else":[{"action":"assign","name":"NoDiscoveryJobErr","variable":"$result","value":"{\n    \"error\": \"discovery job not found\"\n}"},{"action":"exit"}]}, {"action":"assign","name":"AssignResult","variable":"$result","value":"`Discovery Job Submit Completed, Submitted ${$successfulSubmittedJobs} Discovery Jobs out of ${$discoveryIngestionJobIds.length}`"}],"variables":[{"name":"concertAuth","required":true,"isInput":true,"isOutput":false,"level":"INTERMEDIATE","type":{"type":"string"},"value":"\"\"","meta":{"authType":["IBM/ConcertAPIKey","IBM/HubSelf"],"subType":"authentication"}},{"name":"discoveryIngestionJobName","required":true,"isInput":true,"isOutput":false,"level":"INTERMEDIATE","type":{"type":"array"},"value":"[]"},{"name":"ingestionJobType","required":true,"isInput":true,"isOutput":false,"level":"INTERMEDIATE","type":{"type":"string","enum":["eks","rosa","iks","roks","kubernetes","ocp"]},"value":"\"\""},{"name":"discoveryIngestionJobIds","required":false,"isInput":false,"isOutput":false,"level":"INTERMEDIATE","type":{"type":"array"},"value":"[]"},{"name":"failedJobs","required":false,"isInput":false,"isOutput":true,"level":"INTERMEDIATE","type":{"type":"array"},"value":"[]"},{"name":"successfulSubmittedJobs","required":false,"isInput":false,"isOutput":false,"level":"INTERMEDIATE","type":{"type":"number"},"value":"0"},{"name":"jobSubmitPayload","required":false,"isInput":false,"isOutput":false,"level":"INTERMEDIATE","type":{"type":"object"},"value":"{\n    \"job_details\": {\n        \"job_id\": \"\",\n        \"job_type\": \"discovery_job\"\n    }\n}"},{"name":"result","required":false,"isInput":false,"isOutput":true,"level":"INTERMEDIATE","type":{"type":"object"},"value":"{}"}],"meta":{"workerGroup":"default","created":1760088366846,"lastUpdated":1760089252916,"description":"This workflow re-runs the discovery job whose names are provided as input parameter in IBM Concert","layout":"flow","updatedByUsername":"ibmconcert","numberOfBlocks":21,"version":5},"finally":null}