{"name":"List of IBM Secrets Manager certificates using IBM","platform":"node","hash":"WN1ks0ukDUco+O7K4+aS9bFfIFDBPWCl7bjL47EjZq8=","blocks":[{"action":"system/IBM/Cloud/Secrets Manager/Secrets/List Secrets","name":"listSecrets","inputs":[{"name":"authKey","value":"$auth"},{"name":"limit","value":"400"}]}, {"action":"foreach","name":"foreachSecrets","blocks":[{"action":"system/IBM/Cloud/Secrets Manager/Secrets/Get Secret","name":"getSecret","inputs":[{"name":"authKey","value":"$auth"},{"name":"id","value":"$foreachSecrets.item.id"}]},{"name":"checkNormalize","function":"    const contents = $getSecret.result[\"certificate\"];\n    if (contents.includes(\"--BEGIN CERTIFICATE--\")) {\n        const dataObject = {\n            \"service\": \"ibm_sm\",\n            \"key\": $getSecret.result.id,\n            \"certificates\": []\n        };\n        const certs = contents.split(\"\\n-----END CERTIFICATE-----\\n\")\n            .filter(Boolean)\n            .map(crt => crt + \"\\n-----END CERTIFICATE-----\\n\");\n\n        certs.forEach(certContent => {\n            dataObject.certificates.push(certContent)\n        });\n        $result.push(dataObject)\n    }"}],"list":"$listSecrets.result.secrets"}],"variables":[{"name":"auth","required":true,"isInput":true,"isOutput":false,"level":"INTERMEDIATE","type":{"type":"string"},"value":"\"\"","meta":{"authType":"IBM/CloudSecretsManager","subType":"authentication"}},{"name":"result","required":false,"isInput":false,"isOutput":true,"level":"INTERMEDIATE","type":{"type":"array"},"value":"[]"}],"meta":{"version":5,"layout":"flat","workerGroup":"default","created":1747671300045,"lastUpdated":1747671300045,"updatedByUsername":"admin","numberOfBlocks":4},"finally":null}