{"name":"pre_tomcat_jmx_access","platform":"node","hash":"3QaZk0kqV6jB3BOxtd2KckHNQM47jjAY0P/e5/9tc9A=","blocks":[{"action":"assign","name":"Assign_cmd","variable":"$t_cmd","value":"\"curl -I -X GET -u \" + $in_tomcat_user + \":\" + $in_tomcat_password + \" --request GET   --url 'http://localhost:\" + $in_tomcat_port + \"/manager/jmxproxy?qry=Catalina:j2eeType=WebModule,*'\""}, {"action":"system/Common/SSH/SSH","name":"SSH_test_jmx","inputs":[{"name":"authKey","value":"$in_server_authkey"},{"name":"command","value":"$t_cmd"},{"name":"connectionPool","value":"false"},{"name":"host","value":"$in_server_host"},{"name":"port","value":"$in_ssh_port"}]}, {"action":"if","name":"If_1","condition":"$SSH_test_jmx.result.trim().split(\"\\r\")[0].includes(\"200\")","then":[{"name":"Function_2_1","function":"const arr_data = $SSH_test_jmx.result.trim().split('\\r');\n\n$success = arr_data[0].includes(\"200\");"}],"else":[{"action":"system/Common/Array/Array Push","name":"ArrayPush_1","inputs":[{"name":"array","value":"$error"},{"name":"item","value":"$SSH_test_jmx.error.match(/curl: \\(\\d+\\) .+/)?.[0]"}]}]}],"variables":[{"name":"in_server_host","required":true,"isInput":true,"isOutput":false,"level":"INTERMEDIATE","type":{"type":"string"},"value":"\"\""},{"name":"in_server_authkey","required":true,"isInput":true,"isOutput":false,"level":"INTERMEDIATE","type":{"type":"string"},"value":"\"\""},{"name":"in_tomcat_user","required":true,"isInput":true,"isOutput":false,"level":"INTERMEDIATE","type":{"type":"string"},"value":"\"\""},{"name":"in_tomcat_password","required":true,"isInput":true,"isOutput":false,"level":"INTERMEDIATE","type":{"type":"string"},"value":"\"\""},{"name":"in_tomcat_port","required":true,"isInput":true,"isOutput":false,"level":"INTERMEDIATE","type":{"type":"string"},"value":"\"\""},{"name":"in_ssh_port","required":true,"isInput":true,"isOutput":false,"level":"INTERMEDIATE","type":{"type":"number"},"value":"22"},{"name":"result","required":false,"isInput":false,"isOutput":true,"level":"INTERMEDIATE","type":{"type":"any"},"value":"\"\""},{"name":"success","required":false,"isInput":false,"isOutput":true,"level":"INTERMEDIATE","type":{"type":"boolean"},"value":"false"},{"name":"error","required":false,"isInput":false,"isOutput":true,"level":"INTERMEDIATE","type":{"type":"array"},"value":"[]"},{"name":"debug","required":false,"isInput":false,"isOutput":true,"level":"INTERMEDIATE","type":{"type":"any"},"value":"\"\""},{"name":"t_cmd","required":false,"isInput":false,"isOutput":false,"level":"INTERMEDIATE","type":{"type":"string"},"value":"\"\""}],"meta":{"workerGroup":"default","layout":"flow","version":5,"lastUpdated":1761950499651,"updatedByUsername":"ibmconcert","numberOfBlocks":5},"finally":null}