{"name":"Load_Batch_Certificate_Data","platform":"node","hash":"PfoDwjrRvP4RgM37Ca1Bg0bk6KJzO6wv/8S3Y9mPvRw=","blocks":[{"name":"Function_1","function":"function getCertificateBatches(certificateData, batchSize) {\n    const components = certificateData.components;\n    const dependsOn = certificateData.dependencies[0].depends_on;\n    const env = certificateData.dependencies[0].ref;\n\n    if (components.length != dependsOn.length) {\n        return [];\n    }\n\n    const batches = [];\n\n    for (let i = 0; i < components.length; i += batchSize) {\n        const compBatch = components.slice(i, i + batchSize);\n        const dependsOnBatch = dependsOn.slice(i, i + batchSize);\n\n        batches.push({\n            \"components\": compBatch,\n\n            \"dependencies\": [{\n                \"ref\": env,\n                \"depends_on\": dependsOnBatch\n            }]\n        });\n    }\n\n    return batches;\n};\n\n$certificateBatchData = getCertificateBatches($certificateData, $defaultBatchSize)"}, {"action":"foreach","name":"LoadBatchData","list":"$certificateBatchData","blocks":[{"action":"system/IBM/Concert/Import Data/Upload Files to Concert","name":"LoadDataToConcert","inputs":[{"name":"file","value":"{\n    \"data_type\": \"certificate\",\n    \"filename\": JSON.stringify($LoadBatchData.item)\n}"},{"name":"fileType","value":"\"json\""}]}]}, {"action":"assign","name":"LoadDataResult","variable":"$result","value":"$LoadDataToConcert.result"}],"variables":[{"name":"result","required":false,"isInput":false,"isOutput":true,"level":"INTERMEDIATE","type":{"type":"object"},"value":"{}"},{"name":"certificateData","required":true,"isInput":true,"isOutput":false,"level":"INTERMEDIATE","type":{"type":"object"},"value":"{}"},{"name":"defaultBatchSize","required":true,"isInput":true,"isOutput":false,"level":"INTERMEDIATE","type":{"type":"number"},"value":"0"},{"name":"certificateBatchData","required":false,"isInput":false,"isOutput":false,"level":"INTERMEDIATE","type":{"type":"array"},"value":"[]"}],"meta":{"workerGroup":"default","created":1762334371919,"lastUpdated":1762334438262,"description":"This workflow uploads the certificate data in batches in IBM Concert","layout":"flow","updatedByUsername":"ibmconcert","numberOfBlocks":4,"version":5},"finally":null}