{"name":"Discover certificates using IBM Secrets Manager and ingest into IBM Concert","platform":"node","hash":"HkkTeUZuU66F56ZPdk2vdkdETK+uBVGa+tBHAkyFCm4=","blocks":[{"action":"system/Common/Status Message Update","name":"StatusMessageUpdate_Connecting","inputs":[{"name":"message","value":"\"Obtaining a list of certificates by IBM Secrets Manager...\""}]}, {"action":"./discovery/List of IBM Secrets Manager certificates using IBM","name":"discover","inputs":[{"name":"auth","value":"$service_auth"}]}, {"action":"system/Common/Status Message Update","name":"StatusMessageUpdate_Connecting_1","inputs":[{"name":"message","value":"\"Creating a list of certificates fetched in JSON format...\""}]}, {"action":"foreach","name":"foreachDiscovered","blocks":[{"action":"foreach","name":"foreachCertificate","blocks":[{"action":"./helpers/Decode an X.509 Certificate","name":"decode","inputs":[{"name":"certificate","value":"$foreachCertificate.item"},{"name":"metadata","value":"{\n    \"service\": $foreachDiscovered.item.service,\n    \"file\": $foreachDiscovered.item.file\n}"}]},{"action":"system/Common/Array/Array Push","name":"ArrayPush_1","inputs":[{"name":"array","value":"$dataForFile"},{"name":"item","value":"$decode.result"}]}],"list":"$foreachDiscovered.item.certificates"}],"list":"$discover.result"}, {"action":"./helpers/Create a JSON of Kubernetes kubeadm Certificate","name":"createJSON","inputs":[{"name":"certificates","value":"$dataForFile"},{"name":"metadata","value":"$metadata"},{"name":"service_auth","value":"$service_auth"}]}, {"action":"./helpers/Ingest JSON Certificates Data into IBM Concert","name":"ingest","inputs":[{"name":"auth","value":"$concert_auth"},{"name":"json","value":"JSON.stringify($createJSON.result)"},{"name":"data_type","value":"\"certificate\""},{"name":"metadata","value":"$metadata"}]}, {"action":"assign","name":"ingestResult","variable":"$result","value":"$ingest.result"}],"variables":[{"name":"concert_auth","required":true,"isInput":true,"isOutput":false,"level":"INTERMEDIATE","type":{"type":"string"},"value":"\"Colocated\"","meta":{"description":"RNA Authentication for IBM Concert","authType":"IBM/ConcertAPIKey","subType":"authentication"}},{"name":"service_auth","required":true,"isInput":true,"isOutput":false,"level":"INTERMEDIATE","type":{"type":"string"},"value":"\"\"","meta":{"description":"RNA Authentication for SSH","authType":"Common/SSH","subType":"authentication"}},{"name":"metadata","required":true,"isInput":true,"isOutput":false,"level":"INTERMEDIATE","type":{"type":"object","properties":{"env_name":{"type":"string"}}},"value":"{}","meta":{"description":"A metadata containing environment (and eventually other information in future)"}},{"name":"dataForFile","required":false,"isInput":false,"isOutput":false,"level":"INTERMEDIATE","type":{"type":"array"},"value":"[]"},{"name":"result","required":false,"isInput":false,"isOutput":true,"level":"INTERMEDIATE","type":{"type":"any"},"value":"\"\"","meta":{"description":"The result of the ingestion flow is currently ignored and used only for debug purposes"}}],"meta":{"version":5,"layout":"flat","workerGroup":"default","created":1747671302328,"lastUpdated":1747671302328,"updatedByUsername":"admin","numberOfBlocks":10,"description":"This flow obtains a list of certificates in IBM Secrets Manager that is decoded, and then formed in JSON format and returned, ready to be ingested by IBM Concert"},"finally":null}