{"name":"FetchAssessmentTime","platform":"node","hash":"FJ2vuwQVzPnpBpwICtw9s37K02pbaYfpaR0ZBq+hSvM=","blocks":[{"action":"comment","value":"Fetch time window for a given application and source system"}, {"action":"system/IBM/Concert/Concert HTTP Request","name":"IBM_1","inputs":[{"name":"authKey","value":"$concertAPIKey"},{"name":"method","value":"\"GET\""},{"name":"path","value":"\"/resilience/grader/api/v1/last_received_timestamps\""},{"name":"query","value":"{\n    \"origin\": $origin,\n    \"origin_name\" : $origin_name,\n    \"profile_name\": $profileName,\n    \"target_type\": \"app\",\n    \"target \": $applicationName\n}"}]}, {"name":"Function_1","function":"function isEmpty(value) {\n    return value === null || value === undefined || value === \"\" || (typeof value === \"object\" && Object.keys(value).length === 0);\n};\n\nlet startTime = $IBM_1.result.last_received_ts;\nlet endTime = $IBM_1.result.current_ts;\n\nif (!isEmpty(endTime)) {\n    if (isEmpty(startTime)) {\n        startTime = new Date(endTime).getTime() - $defaultWindowSize;\n    }\n}\n\n$result = {\n    \"startTimestamp\": new Date(startTime).getTime(),\n    \"endTimestamp\": new Date(endTime).getTime()\n}"}],"variables":[{"name":"concertAPIKey","required":true,"isInput":true,"isOutput":false,"level":"INTERMEDIATE","type":{"type":"string"},"value":"\"\"","meta":{"authType":"Common/APIKey","subType":"authentication"}},{"name":"applicationName","required":true,"isInput":true,"isOutput":false,"level":"INTERMEDIATE","type":{"type":"string"},"value":"\"\""},{"name":"profileName","required":true,"isInput":true,"isOutput":false,"level":"INTERMEDIATE","type":{"type":"string"},"value":"\"\""},{"name":"origin","required":true,"isInput":true,"isOutput":false,"level":"INTERMEDIATE","type":{"type":"string"},"value":"\"\""},{"name":"result","required":false,"isInput":false,"isOutput":true,"level":"INTERMEDIATE","type":{"type":"object"},"value":"{}"},{"name":"origin_name","required":true,"isInput":true,"isOutput":false,"level":"INTERMEDIATE","type":{"type":"string"},"value":"\"\""},{"name":"defaultWindowSize","required":true,"isInput":true,"isOutput":false,"level":"INTERMEDIATE","type":{"type":"number"},"value":"0"}],"meta":{"workerGroup":"default","created":1764132331150,"lastUpdated":1764132331150,"description":"This flow will query Resilience API to fetch last assessment time and current time for a given profile,application and source system","layout":"flow","updatedByUsername":"ibmconcert","numberOfBlocks":3,"version":5},"finally":null}