{"name":"AWS_get_metrics","platform":"node","hash":"3boe0cNl/kVPzZaiAWKDI+M7oCvJv6rTC49Q5raXAeg=","blocks":[{"action":"system/Common/DateTime/Timestamp Now","name":"end_time"}, {"action":"system/Common/DateTime/Timestamp Subtract","name":"start_time","inputs":[{"name":"unit","value":"\"minutes\""},{"name":"amount","value":"10"}]}, {"action":"comment","value":"// avg_health_check_latency"}, {"action":"if","name":"If_1","condition":"$in_loadBalancer_info.length > 0","then":[{"action":"system/AWS/elastic load balancing/v2/Describe Target Groups","name":"Fetch_loadbalancer_arn","inputs":[{"name":"authKey","value":"$in_aws_auth_key"},{"name":"region","value":"$in_aws_region"},{"name":"TargetGroupArns","value":"[$in_loadBalancer_info[0].targetGroupArn]"}]},{"action":"system/AWS/cloudwatch/Get Metric Data","name":"Fetch_targetResponseTime","inputs":[{"name":"authKey","value":"$in_aws_auth_key"},{"name":"region","value":"$in_aws_region"},{"name":"body","value":"{\n    \"ScanBy\": \"TimestampDescending\",\n\n    \"MetricDataQueries\": [{\n        \"Id\": \"targetResponseTime\",\n\n        \"MetricStat\": {\n            \"Metric\": {\n                \"Namespace\": \"AWS/ApplicationELB\",\n                \"MetricName\": \"TargetResponseTime\",\n\n                \"Dimensions\": [{\n                    \"Name\": \"LoadBalancer\",\n                    \"Value\": $Fetch_loadbalancer_arn.result.TargetGroups[0].LoadBalancerArns[0].split(\":\")[5].split(\"loadbalancer/\")[1]\n                }, {\n                    \"Name\": \"TargetGroup\",\n                    \"Value\": $in_loadBalancer_info[0].targetGroupArn.split(\":\")[5]\n                }]\n            },\n            \"Period\": 3600,\n            \"Stat\": \"Average\"\n        },\n        \"ReturnData\": true\n    }],\n    \"StartTime\": $start_time.result,\n    \"EndTime\": $in_end_time\n}"}]},{"name":"Function_1","function":"const arr = $Fetch_targetResponseTime.result.MetricDataResults[0].Values;\n\nconst avg = arr => arr.reduce((a, b) => a + b, 0) / arr.length;\n\n$t_avg_msecs_health_check_latency = avg(arr).toString();"}],"else":[{"action":"assign","name":"Assign_4","variable":"$t_avg_msecs_health_check_latency","value":"\"\""}]}, {"action":"comment","value":"// CPU"}, {"action":"system/AWS/cloudwatch/Get Metric Data","name":"CPU_Utilization_Metric","inputs":[{"name":"authKey","value":"$in_aws_auth_key"},{"name":"region","value":"$in_aws_region"},{"name":"body","value":"{\n    \"ScanBy\": \"TimestampDescending\",\n\n    \"MetricDataQueries\": [{\n        \"Id\": \"cpuReservationQuery\",\n\n        \"MetricStat\": {\n            \"Metric\": {\n                \"Namespace\": \"AWS/ECS\",\n                \"MetricName\": \"CPUUtilization\",\n\n                \"Dimensions\": [{\n                    \"Name\": \"ClusterName\",\n                    \"Value\": $in_cluster_name\n                }, {\n                    \"Name\": \"ServiceName\",\n                    \"Value\": $in_service_name\n                }]\n            },\n            \"Period\": 10,\n            \"Stat\": \"Average\",\n            \"Unit\": \"Percent\"\n        },\n        \"ReturnData\": true\n    }],\n    \"StartTime\": $in_start_time,\n    \"EndTime\": $in_end_time\n}"}]}, {"action":"assign","name":"CPU_Util_Result","variable":"$t_cpu_metric_res","value":"$CPU_Utilization_Metric.result"}, {"action":"system/AWS/cloudwatch/Get Metric Data","name":"CPU_Reservation_Metric","inputs":[{"name":"authKey","value":"$in_aws_auth_key"},{"name":"region","value":"$in_aws_region"},{"name":"body","value":"{\n    \"ScanBy\": \"TimestampDescending\",\n\n    \"MetricDataQueries\": [{\n        \"Id\": \"cpuReservationQuery\",\n\n        \"MetricStat\": {\n            \"Metric\": {\n                \"Namespace\": \"AWS/ECS\",\n                \"MetricName\": \"CPUReservation\",\n\n                \"Dimensions\": [{\n                    \"Name\": \"ClusterName\",\n                    \"Value\": $in_cluster_name\n                }]\n            },\n            \"Period\": 300,\n            \"Stat\": \"Average\",\n            \"Unit\": \"Percent\"\n        },\n        \"ReturnData\": true\n    }],\n    \"StartTime\": $in_start_time,\n    \"EndTime\": $in_end_time\n}"}]}, {"action":"assign","name":"CPU_Resv_Result","variable":"$t_cpu_resrv_res","value":"$CPU_Reservation_Metric.result"}, {"action":"comment","value":"// Memory"}, {"action":"system/AWS/cloudwatch/Get Metric Data","name":"Mem_Utlization_Metric","inputs":[{"name":"authKey","value":"$in_aws_auth_key"},{"name":"region","value":"$in_aws_region"},{"name":"body","value":"{\n    \"ScanBy\": \"TimestampDescending\",\n\n    \"MetricDataQueries\": [{\n        \"Id\": \"memUtilizationQuery\",\n\n        \"MetricStat\": {\n            \"Metric\": {\n                \"Namespace\": \"AWS/ECS\",\n                \"MetricName\": \"MemoryUtilization\",\n\n                \"Dimensions\": [{\n                    \"Name\": \"ClusterName\",\n                    \"Value\": $in_cluster_name\n                }, {\n                    \"Name\": \"ServiceName\",\n                    \"Value\": $in_service_name\n                }]\n            },\n            \"Period\": 10,\n            \"Stat\": \"Average\",\n            \"Unit\": \"Percent\"\n        },\n        \"ReturnData\": true\n    }],\n    \"StartTime\": $in_start_time,\n    \"EndTime\": $in_end_time\n}"}]}, {"action":"assign","name":"Mem_Util_Result","variable":"$t_mem_metriic_res","value":"$Mem_Utlization_Metric.result"}, {"action":"comment","value":"// Alarms"}, {"action":"system/AWS/cloudwatch/Describe Alarms","name":"AWS_Desc_Alarms","inputs":[{"name":"authKey","value":"$in_aws_auth_key"},{"name":"region","value":"$in_aws_region"}]}, {"action":"assign","name":"Desc_Alarm_Result","variable":"$t_alarm_res","value":"$AWS_Desc_Alarms.result"}, {"action":"comment","value":"// Get Metrics for Fault Tolerance "}, {"action":"system/AWS/cloudwatch/Get Metric Data","name":"Running_Task_Count","inputs":[{"name":"authKey","value":"$in_aws_auth_key"},{"name":"region","value":"$in_aws_region"},{"name":"body","value":"{\n    \"ScanBy\": \"TimestampDescending\",\n\n    \"MetricDataQueries\": [{\n        \"Id\": \"runningTaskQuery\",\n\n        \"MetricStat\": {\n            \"Metric\": {\n                \"Namespace\": \"ECS/ContainerInsights\",\n                \"MetricName\": \"RunningTaskCount\",\n\n                \"Dimensions\": [{\n                    \"Name\": \"ClusterName\",\n                    \"Value\": $in_cluster_name\n                }, {\n                    \"Name\": \"ServiceName\",\n                    \"Value\": $in_service_name\n                }]\n            },\n            \"Period\": 300,\n            \"Stat\": \"Average\"\n        },\n        \"ReturnData\": true\n    }],\n    \"StartTime\": $in_start_time,\n    \"EndTime\": $in_end_time\n}"}]}, {"action":"assign","name":"Assign_1","variable":"$t_run_task_ct","value":"$Running_Task_Count.result"}, {"action":"system/AWS/cloudwatch/Get Metric Data","name":"Desired_Task_Count","inputs":[{"name":"authKey","value":"$in_aws_auth_key"},{"name":"region","value":"$in_aws_region"},{"name":"body","value":"{\n    \"ScanBy\": \"TimestampDescending\",\n\n    \"MetricDataQueries\": [{\n        \"Id\": \"desiredTaskQuery\",\n\n        \"MetricStat\": {\n            \"Metric\": {\n                \"Namespace\": \"ECS/ContainerInsights\",\n                \"MetricName\": \"DesiredTaskCount\",\n\n                \"Dimensions\": [{\n                    \"Name\": \"ClusterName\",\n                    \"Value\": $in_cluster_name\n                }, {\n                    \"Name\": \"ServiceName\",\n                    \"Value\": $in_service_name\n                }]\n            },\n            \"Period\": 300,\n            \"Stat\": \"Average\"\n        },\n        \"ReturnData\": true\n    }],\n    \"StartTime\": $in_start_time,\n    \"EndTime\": $in_end_time\n}"}]}, {"action":"assign","name":"Assign_1_1","variable":"$t_des_task_ct","value":"$Desired_Task_Count.result"}, {"action":"system/AWS/cloudwatch/Get Metric Data","name":"Pending_Task_Count","inputs":[{"name":"authKey","value":"$in_aws_auth_key"},{"name":"region","value":"$in_aws_region"},{"name":"body","value":"{\n    \"ScanBy\": \"TimestampDescending\",\n\n    \"MetricDataQueries\": [{\n        \"Id\": \"pendingTaskQuery\",\n\n        \"MetricStat\": {\n            \"Metric\": {\n                \"Namespace\": \"ECS/ContainerInsights\",\n                \"MetricName\": \"PendingTaskCount\",\n\n                \"Dimensions\": [{\n                    \"Name\": \"ClusterName\",\n                    \"Value\": $in_cluster_name\n                }, {\n                    \"Name\": \"ServiceName\",\n                    \"Value\": $in_service_name\n                }]\n            },\n            \"Period\": 300,\n            \"Stat\": \"Average\"\n        },\n        \"ReturnData\": true\n    }],\n    \"StartTime\": $in_start_time,\n    \"EndTime\": $in_end_time\n}"}]}, {"action":"assign","name":"Assign_1_2","variable":"$t_pend_task_ct","value":"$Pending_Task_Count.result"}, {"action":"system/AWS/cloudwatch/Get Metric Data","name":"Container_Inst_Count","inputs":[{"name":"authKey","value":"$in_aws_auth_key"},{"name":"region","value":"$in_aws_region"},{"name":"body","value":"{\n    \"ScanBy\": \"TimestampDescending\",\n\n    \"MetricDataQueries\": [{\n        \"Id\": \"containerInstCtQuery\",\n\n        \"MetricStat\": {\n            \"Metric\": {\n                \"Namespace\": \"ECS/ContainerInsights\",\n                \"MetricName\": \"ContainerInstanceCount\",\n\n                \"Dimensions\": [{\n                    \"Name\": \"ClusterName\",\n                    \"Value\": $in_cluster_name\n                }]\n            },\n            \"Period\": 300,\n            \"Stat\": \"Average\"\n        },\n        \"ReturnData\": true\n    }],\n    \"StartTime\": $in_start_time,\n    \"EndTime\": $in_end_time\n}"}]}, {"action":"assign","name":"Assign_1_2_1","variable":"$t_cont_inst_ct","value":"$Container_Inst_Count.result"}, {"action":"comment","value":"// HTTP Error Codes\n"}, {"action":"system/AWS/cloudwatch/Get Metric Data","name":"Http_5xx_Req_Metric","inputs":[{"name":"authKey","value":"$in_aws_auth_key"},{"name":"region","value":"$in_aws_region"},{"name":"body","value":"{\n    \"ScanBy\": \"TimestampDescending\",\n\n    \"MetricDataQueries\": [{\n        \"Id\": \"http_5xx_Count\",\n\n        \"MetricStat\": {\n            \"Metric\": {\n                \"Namespace\": \"AWS/ECS\",\n                \"MetricName\": \"HTTPCode_Target_5XX_Count\",\n\n                \"Dimensions\": [{\n                    \"Name\": \"TargetDiscoveryName\",\n                    \"Value\": $in_cluster_name\n                }, {\n                    \"Name\": \"ClusterName\",\n                    \"Value\": $in_cluster_name\n                }, {\n                    \"Name\": \"ServiceName\",\n                    \"Value\": $in_service_name\n                }]\n            },\n            \"Period\": 300,\n            \"Stat\": \"Average\",\n            \"Unit\": \"Percent\"\n        },\n        \"ReturnData\": true\n    }],\n    \"StartTime\": $in_start_time,\n    \"EndTime\": $in_end_time\n}"}]}, {"action":"comment","value":"// Get  Additional Action Data \n"}, {"action":"system/AWS/cloudwatch/Get Metric Data","name":"AWS_Log_Throttling","inputs":[{"name":"authKey","value":"$in_aws_auth_key"},{"name":"region","value":"$in_aws_region"},{"name":"body","value":"{\n    \"ScanBy\": \"TimestampDescending\",\n\n    \"MetricDataQueries\": [{\n        \"Id\": \"logsDeliveryThrottling\",\n\n        \"MetricStat\": {\n            \"Metric\": {\n                \"Namespace\": \"AWS/Logs\",\n                \"MetricName\": \"DeliveryThrottling\",\n\n                \"Dimensions\": [{\n                    \"Name\": \"LogGroupName\",\n                    \"Value\": $in_log_group_name\n                }]\n            },\n            \"Period\": 300,\n            \"Stat\": \"Sum\"\n        },\n        \"ReturnData\": true\n    }],\n    \"StartTime\": $in_start_time,\n    \"EndTime\": $in_end_time\n}"}]}, {"action":"assign","name":"Assign_AWS_Throttling","variable":"$t_aws_delivery_trottl","value":"$AWS_Log_Throttling.result"}, {"action":"system/AWS/cloudwatch/Get Metric Data","name":"Restart_Ct","inputs":[{"name":"authKey","value":"$in_aws_auth_key"},{"name":"region","value":"$in_aws_region"},{"name":"body","value":"{\n    \"ScanBy\": \"TimestampDescending\",\n\n    \"MetricDataQueries\": [{\n        \"Id\": \"restartTasksQuery\",\n\n        \"MetricStat\": {\n            \"Metric\": {\n                \"Namespace\": \"ECS/ContainerInsights\",\n                \"MetricName\": \"RestartCount\",\n\n                \"Dimensions\": [{\n                    \"Name\": \"ClusterName\",\n                    \"Value\": $in_cluster_name\n                }, {\n                    \"Name\": \"ServiceName\",\n                    \"Value\": $in_service_name\n                }]\n            },\n            \"Period\": 300,\n            \"Stat\": \"Sum\",\n            \"Unit\": \"Count\"\n        },\n        \"ReturnData\": true\n    }],\n    \"StartTime\": $in_start_time,\n    \"EndTime\": $in_end_time\n}"}]}, {"action":"assign","name":"Assign_Restart_Ct","variable":"$t_restart_ct","value":"$Restart_Ct.result"}, {"action":"assign","name":"Assign_result","variable":"$result","value":"{\n    \"cpu_metric_res\": $t_cpu_metric_res,\n    \"mem_metriic_res\": $t_mem_metriic_res,\n    \"cpu_resrv_res\": $t_cpu_resrv_res,\n    \"http_5xx_req_ct\": $t_http_500_ct,\n    \"running_task_ct\": $t_run_task_ct,\n    \"pending_task_ct\": $t_pend_task_ct,\n    \"desired_task_ct\": $t_des_task_ct,\n    \"cont_inst_ct\": $t_cont_inst_ct,\n    \"aws_delivery_throttl\": $t_aws_delivery_trottl,\n    \"restart_task_count\": $t_restart_ct,\n    \"avg_msecs_health_check_latency\": $t_avg_msecs_health_check_latency\n}"}],"variables":[{"name":"result","required":false,"isInput":false,"isOutput":true,"level":"INTERMEDIATE","type":{"type":"any"},"value":"\"\""},{"name":"in_aws_auth_key","required":true,"isInput":true,"isOutput":false,"level":"INTERMEDIATE","type":{"type":"string"},"value":"\"\""},{"name":"in_aws_region","required":true,"isInput":true,"isOutput":false,"level":"INTERMEDIATE","type":{"type":"string"},"value":"\"\""},{"name":"in_cluster_name","required":true,"isInput":true,"isOutput":false,"level":"INTERMEDIATE","type":{"type":"string"},"value":"\"\""},{"name":"in_service_name","required":true,"isInput":true,"isOutput":false,"level":"INTERMEDIATE","type":{"type":"string"},"value":"\"\""},{"name":"in_loadBalancer_info","required":true,"isInput":true,"isOutput":false,"level":"INTERMEDIATE","type":{"type":"array"},"value":"[]"},{"name":"in_start_time","required":true,"isInput":true,"isOutput":false,"level":"INTERMEDIATE","type":{"type":"number"},"value":"0"},{"name":"in_end_time","required":true,"isInput":true,"isOutput":false,"level":"INTERMEDIATE","type":{"type":"number"},"value":"0"},{"name":"t_cpu_metric_res","required":false,"isInput":false,"isOutput":false,"level":"INTERMEDIATE","type":{"type":"any"},"value":"\"\""},{"name":"t_mem_metriic_res","required":false,"isInput":false,"isOutput":false,"level":"INTERMEDIATE","type":{"type":"any"},"value":"\"\""},{"name":"t_cpu_resrv_res","required":false,"isInput":false,"isOutput":false,"level":"INTERMEDIATE","type":{"type":"any"},"value":"\"\""},{"name":"t_http_500_ct","required":false,"isInput":false,"isOutput":false,"level":"INTERMEDIATE","type":{"type":"any"},"value":"\"\""},{"name":"in_service_arn","required":false,"isInput":false,"isOutput":false,"level":"INTERMEDIATE","type":{"type":"string"},"value":"\"\""},{"name":"t_alarm_res","required":false,"isInput":false,"isOutput":false,"level":"INTERMEDIATE","type":{"type":"string"},"value":"\"\""},{"name":"t_run_task_ct","required":false,"isInput":false,"isOutput":false,"level":"INTERMEDIATE","type":{"type":"any"},"value":"\"\""},{"name":"t_des_task_ct","required":false,"isInput":false,"isOutput":false,"level":"INTERMEDIATE","type":{"type":"any"},"value":"\"\""},{"name":"t_pend_task_ct","required":false,"isInput":false,"isOutput":false,"level":"INTERMEDIATE","type":{"type":"any"},"value":"\"\""},{"name":"t_cont_inst_ct","required":false,"isInput":false,"isOutput":false,"level":"INTERMEDIATE","type":{"type":"any"},"value":"\"\""},{"name":"t_aws_delivery_err","required":false,"isInput":false,"isOutput":false,"level":"INTERMEDIATE","type":{"type":"any"},"value":"\"\""},{"name":"t_aws_delivery_trottl","required":false,"isInput":false,"isOutput":false,"level":"INTERMEDIATE","type":{"type":"any"},"value":"\"\""},{"name":"in_log_group_name","required":true,"isInput":true,"isOutput":false,"level":"INTERMEDIATE","type":{"type":"string"},"value":"\"\""},{"name":"t_restart_ct","required":false,"isInput":false,"isOutput":false,"level":"INTERMEDIATE","type":{"type":"any"},"value":"\"\""},{"name":"t_avg_msecs_health_check_latency","required":false,"isInput":false,"isOutput":false,"level":"INTERMEDIATE","type":{"type":"string"},"value":"\"\""}],"meta":{"workerGroup":"default","created":1764886584209,"lastUpdated":1764886584209,"layout":"flow","updatedByUsername":"ibmconcert","numberOfBlocks":36,"version":5},"finally":null}