{"name":"tool_getTomcatCredentialsFromSystem","platform":"node","hash":"PrYXBZvpXIpRx7vyKeoJCvoXRTgjd6aJGmlrQNJ8QQ8=","blocks":[{"action":"try","name":"Try_1","try":[{"action":"assign","name":"Assign_cmd","variable":"$t_cmd","value":"\"sudo cat \" + $in_catalina_base + \"/conf/tomcat-users.xml\""},{"action":"system/Common/SSH/SSH","name":"ssh_getTomcatUsers","inputs":[{"name":"authKey","value":"$in_server_authkey"},{"name":"command","value":"$t_cmd"},{"name":"host","value":"$in_server_host"},{"name":"port","value":"$in_ssh_port"}]},{"action":"if","name":"If_sshFailed","condition":"$ssh_getTomcatUsers.success","then":[],"else":[{"action":"throw","error":"\"SSH failed to get tomcat-users file. \""}]},{"action":"./tool_passwordGrabber","name":"flow_passwordGrabber","inputs":[{"name":"in_input","value":"$ssh_getTomcatUsers.result"}]},{"name":"Function_1","function":"var creds = $flow_passwordGrabber.result;\n\nfor (const cred of creds) {\n    if (cred.roles.includes(\"manager-jmx\")) {\n        $result = {\n            \"username\": cred.username,\n            \"password\": cred.password\n        };\n\n        $success = true;\n        break;\n    }\n}"}],"catch":[{"action":"system/Common/Array/Array Push","name":"ArrayPush_1","inputs":[{"name":"array","value":"$error"},{"name":"item","value":"$Try_1.message"}]},{"action":"exit"}]}, {"action":"system/Common/Status Message Update","name":"StatusMessageUpdate_1"}],"variables":[{"name":"in_server_host","required":true,"isInput":true,"isOutput":false,"level":"INTERMEDIATE","type":{"type":"string"},"value":"\"\""},{"name":"in_server_authkey","required":true,"isInput":true,"isOutput":false,"level":"INTERMEDIATE","type":{"type":"string"},"value":"\"\""},{"name":"in_ssh_port","required":true,"isInput":true,"isOutput":false,"level":"INTERMEDIATE","type":{"type":"number"},"value":"22"},{"name":"in_catalina_base","required":true,"isInput":true,"isOutput":false,"level":"INTERMEDIATE","type":{"type":"string"},"value":"\"\""},{"name":"result","required":false,"isInput":false,"isOutput":true,"level":"INTERMEDIATE","type":{"type":"object"},"value":"{}"},{"name":"success","required":false,"isInput":false,"isOutput":true,"level":"INTERMEDIATE","type":{"type":"boolean"},"value":"false"},{"name":"debug","required":false,"isInput":false,"isOutput":true,"level":"INTERMEDIATE","type":{"type":"array"},"value":"[]"},{"name":"error","required":false,"isInput":false,"isOutput":true,"level":"INTERMEDIATE","type":{"type":"array"},"value":"[]"},{"name":"t_cmd","required":false,"isInput":false,"isOutput":false,"level":"INTERMEDIATE","type":{"type":"string"},"value":"\"\""}],"meta":{"workerGroup":"default","layout":"flow","version":5,"created":1756865506147,"lastUpdated":1756865506147,"updatedByUsername":"ibmconcert","numberOfBlocks":10},"finally":null}