{"name":"Ingest JSON Certificates Data into IBM Concert","platform":"node","hash":"Ami6x5TNhAUK/Pei5F/ISTGFS0S+rnEkHcpgEAyFynA=","blocks":[{"action":"system/IBM/Concert/Import Data/Upload Files to Concert","name":"uploadFile","inputs":[{"name":"file","value":"{\n    \"data_type\": $data_type,\n    \"metadata\": $metadata,\n    \"filename\": $json\n}"},{"name":"fileType","value":"\"json\""}]}, {"action":"assign","name":"Assign_1","variable":"$result","value":"$uploadFile.result"}],"variables":[{"name":"json","required":true,"isInput":true,"isOutput":false,"level":"INTERMEDIATE","type":{"type":"string"},"value":"\"\""},{"name":"data_type","required":true,"isInput":true,"isOutput":false,"level":"INTERMEDIATE","type":{"type":"string"},"value":"\"certificate\""},{"name":"metadata","required":false,"isInput":true,"isOutput":false,"level":"INTERMEDIATE","type":{"type":"object"},"value":"{}"},{"name":"result","required":false,"isInput":false,"isOutput":true,"level":"INTERMEDIATE","type":{"type":"any"},"value":"\"\""}],"meta":{"workerGroup":"default","created":1762414275449,"lastUpdated":1762414275449,"description":"Ingest certificates data into IBM Concert","layout":"flow","updatedByUsername":"ibmconcert","numberOfBlocks":2,"version":5},"finally":null}