{"name":"Docker_Image_Registry_Workflow","platform":"node","hash":"iwJ8Wy6mjVLFMQRtLR9v9/r8uYnOFcE+3vct+8vmvoQ=","blocks":[{"action":"if","name":"ImageLengthCheck","condition":"$imageList.length > 0","then":[{"action":"if","name":"RegistryTypeCheck","condition":"$isPublicRegistry","then":[],"else":[{"action":"system/Common/Config Data/Get Config Data","name":"GetRegistryConfig","inputs":[{"name":"authKey","value":"$registryConfigAuth"}]},{"action":"comment","value":"Login to registry"},{"action":"system/Common/SSH/SSH","name":"RegistryLogin","inputs":[{"name":"authKey","value":"$VMAuth"},{"name":"command","value":"$docker_command + \" login \" + $GetRegistryConfig.result.registry_url + \" --username \" + $GetRegistryConfig.result.registry_username + \" --password \" + $GetRegistryConfig.result.registry_password"}]}]},{"action":"comment","value":"Pull images from registry"},{"action":"foreach","name":"LoopImages","list":"$imageList","blocks":[{"action":"system/Common/SSH/SSH","name":"PullRegistryImages","inputs":[{"name":"authKey","value":"$VMAuth"},{"name":"command","value":"$docker_command + \" pull \" + $LoopImages.item"}]}]},{"action":"system/Common/SSH/SSH","name":"ImagesCheck","inputs":[{"name":"authKey","value":"$VMAuth"},{"name":"command","value":"$docker_command + \" images\""}]},{"name":"Function_3","function":"function addTagToNormalize(image) {\n    return image.includes(\":\") ? image : `${image}:latest`;\n};\n\nfunction CheckImagePullOutput(dockerImageOutput, imageList) {\n    const imagesEntries = dockerImageOutput.trim().split(\"\\n\");\n    imagesEntries.shift();\n    const imagesFound = new Set();\n\n    for (const imageEntry of imagesEntries) {\n        const parts = imageEntry.trim().split(/\\s{2,}/);\n        const [repository, tag] = parts;\n\n        if (repository && tag) {\n            imagesFound.add(`${repository}:${tag}`);\n        }\n    }\n\n    const normalizedImageList = imageList.map(addTagToNormalize);\n    const imagesPresent = normalizedImageList.filter(img => imagesFound.has(img)).length;\n\n    if (imagesPresent === 0) {\n        return false;\n    }\n\n    return true;\n}\n\n$result = {\n    \"images_found\": CheckImagePullOutput($ImagesCheck.result, $imageList)\n}"},{"action":"if","name":"ImagePullCheck","condition":"$result.images_found","then":[],"else":[{"action":"assign","name":"Assign_1","variable":"$result","value":"{\n    \"status\": \"error\",\n    \"message\": \"image pull failed for input image list\"\n}"},{"action":"exit"}]},{"name":"Function_2","function":"function getLayerMetricsCommand(imageList, dockerCmd) {\n    if (!Array.isArray(imageList) || imageList.length === 0) {\n        return \"\";\n    }\n\n    const images = imageList.map(img => `\"${img}\"`).join(\" \");\n    const awk = `{ sum += $1; if ($1 > max) max = $1; count++; } END { if (count > 0) { printf \"average_number_image_layers: %.2f\\\\n\", sum / count; printf \"max_number_image_layers: %d\\\\n\", max; } else { print \"average_number_image_layers: 0\"; print \"max_number_image_layers: 0\"; } }`;\n    return `${dockerCmd} inspect --format '{{len .RootFS.Layers}}' ${images} 2>/dev/null | awk '${awk}'`;\n};\n\nfunction getSizeMetricsCommand(imageList, dockerCmd) {\n    if (!Array.isArray(imageList) || imageList.length === 0) {\n        return \"\";\n    }\n\n    const images = imageList.map(img => `\"${img}\"`).join(\" \");\n\n    const awk = `$1 ~ /^[0-9]+$/ { size = $1; sum += size; if (size > max) max = size; count++ }\nEND {\n  if (count > 0) {\n    printf \"avg_image_size_mb: %.2f\\\\n\", sum / count / 1024 / 1024;\n    printf \"max_image_size_mb: %.2f\\\\n\", max / 1024 / 1024;\n  } else {\n    print \"avg_image_size_mb: 0\";\n    print \"max_image_size_mb: 0\";\n  }\n}`.replace(/\\n/g, \" \").replace(/\\s+/g, \" \").trim();\n\n    return `${dockerCmd} inspect --format='{{.Size}}' ${images} | awk '${awk}'`;\n}\n\n$result = {\n    \"img_size_cmd\": getSizeMetricsCommand($imageList, $docker_command),\n    \"img_layer_cmd\": getLayerMetricsCommand($imageList, $docker_command)\n}"},{"action":"comment","value":"Fetch image metrics"},{"name":"CalculateImageMetrics","action":"split","branches":[{"blocks":[{"action":"system/Common/SSH/SSH","name":"ImageSizeMetrics","inputs":[{"name":"authKey","value":"$VMAuth"},{"name":"command","value":"$result.img_size_cmd"}]}]},{"blocks":[{"action":"system/Common/SSH/SSH","name":"ImageLayerMetrics","inputs":[{"name":"authKey","value":"$VMAuth"},{"name":"command","value":"$result.img_layer_cmd"}]}]}]},{"action":"assign","name":"AssignImageMetrics","variable":"$inspectMetrics","value":"{\n    \"average_size_metrics\": $ImageSizeMetrics.result,\n    \"image_layers_metric\": $ImageLayerMetrics.result\n}"},{"action":"comment","value":"Prepare assessment data"},{"name":"PrepareAssessmentData","action":"split","branches":[{"blocks":[{"name":"Function_1","function":"function transformImageMetrics(inputSizeMetric, inputLayerMetric) {\n    function parseToJSON(inputValue) {\n        const jsonMetric = {};\n        const metricLines = inputValue.trim().split(\"\\n\");\n\n        for (const metricLine of metricLines) {\n            const [key, value] = metricLine.split(\":\").map(s => s.trim());\n            jsonMetric[key] = isNaN(value) ? value : parseFloat(value);\n        }\n\n        return jsonMetric;\n    }\n\n    const layerMetric = parseToJSON(inputLayerMetric);\n    const sizeMetric = parseToJSON(inputSizeMetric);\n\n    return {\n        ...layerMetric,\n        ...sizeMetric\n    };\n};\n\n$result = transformImageMetrics($inspectMetrics.average_size_metrics, $inspectMetrics.image_layers_metric)"}]},{"blocks":[{"action":"assign","name":"AssignAssessmentTime","variable":"$inputJSON.current_time","value":"Math.floor(Date.now())"}]}]},{"action":"comment","value":"Load data to IBM Concert"},{"action":"./Helpers/LoadAssessments","name":"LoadAssesmentsToConcert","inputs":[{"name":"applicationName","value":"$applicationName"},{"name":"profileName","value":"$inputJSON.profile"},{"name":"data","value":"$result"},{"name":"timestamp","value":"$inputJSON.current_time"},{"name":"origin_name","value":"$inputJSON.origin_name"},{"name":"applicationVersion","value":"$applicationVersion"},{"name":"origin","value":"$inputJSON.origin"},{"name":"IBMAPIKey","value":"$concertAuth"}]},{"action":"assign","name":"LoadAssessmentResult","variable":"$result","value":"$LoadAssesmentsToConcert.result"}],"else":[{"action":"assign","name":"NoImageErr","variable":"$result","value":"{\n    \"Status\": \"Error\",\n    \"Message\": \"No Image Found\"\n}"}]}],"variables":[{"name":"result","required":false,"isInput":false,"isOutput":true,"level":"INTERMEDIATE","type":{"type":"object"},"value":"{}"},{"name":"concertAuth","required":true,"isInput":true,"isOutput":false,"level":"INTERMEDIATE","type":{"type":"string"},"value":"\"\"","meta":{"authType":["IBM/ConcertAPIKey","IBM/HubSelf"],"subType":"authentication"}},{"name":"VMAuth","required":true,"isInput":true,"isOutput":false,"level":"INTERMEDIATE","type":{"type":"string"},"value":"\"\"","meta":{"authType":"Common/SSH","subType":"authentication"}},{"name":"isPublicRegistry","required":true,"isInput":true,"isOutput":false,"level":"INTERMEDIATE","type":{"type":"boolean"},"value":"true"},{"name":"registryConfigAuth","required":false,"isInput":true,"isOutput":false,"level":"INTERMEDIATE","type":{"type":"string"},"value":"\"\""},{"name":"imageList","required":true,"isInput":true,"isOutput":false,"level":"INTERMEDIATE","type":{"type":"array"},"value":"[]"},{"name":"applicationName","required":true,"isInput":true,"isOutput":false,"level":"INTERMEDIATE","type":{"type":"string"},"value":"\"\""},{"name":"applicationVersion","required":true,"isInput":true,"isOutput":false,"level":"INTERMEDIATE","type":{"type":"string"},"value":"\"\""},{"name":"docker_command","required":false,"isInput":true,"isOutput":false,"level":"INTERMEDIATE","type":{"type":"string"},"value":"\"docker\""},{"name":"inspectMetrics","required":false,"isInput":false,"isOutput":false,"level":"INTERMEDIATE","type":{"type":"object"},"value":"{}"},{"name":"inputJSON","required":false,"isInput":false,"isOutput":false,"level":"INTERMEDIATE","type":{"type":"object"},"value":"{\n    \"origin_name\": \"docker\",\n    \"origin\": \"APM\",\n    \"profile\": \"docker_containers_profile\",\n    \"current_time\": 0\n}"}],"meta":{"workerGroup":"default","created":1758609427140,"lastUpdated":1758620059629,"description":"This workflow pulls images from the registry, calculates metrics by inspecting the images and ingests the resilience data into IBM Concert","layout":"flow","updatedByUsername":"ibmconcert","numberOfBlocks":31,"version":5},"finally":null}