{"name":"Calculate Metrics","platform":"node","hash":"cRZkds69cKiawhdQ6E4lir6hZSFejFFDD+3M04x7tR8=","blocks":[{"name":"Function_1","function":"const MS_IN_DAY = 86400000;\n\nfunction isInvalid(value) {\n  return value === 0 || isNaN(value) || value === -1 || value === undefined || value === null;\n}\n\nfunction CalculateMttr(incidents) {\n  if (!Array.isArray(incidents) || incidents.length === 0) return 0;\n  const totalMinutes = incidents.reduce((sum, incident) => {\n    const durationMin = (incident.end - incident.start) / 60000;\n    return sum + durationMin;\n  }, 0);\n  return totalMinutes / incidents.length;\n}\n\nconst pct_sev1_by_change = $ITSMMetrics[\"Sev1Incidents\"].length > 0 \n  ? ($ITSMMetrics[\"Sev1IncidentsByChange\"].length / $ITSMMetrics[\"Sev1Incidents\"].length) * 100 \n  : 0;\n\nconst pct_sev2_by_change = $ITSMMetrics[\"Sev2Incidents\"].length > 0 \n  ? ($ITSMMetrics[\"Sev2IncidentsByChange\"].length / $ITSMMetrics[\"Sev2Incidents\"].length) * 100 \n  : 0;\n\nfunction GetLatestRootCauseTimestamp(event) {\n  if (!event.probableCause || !event.probableCause.currentRootCause) {\n    return null;\n  }\n  const timestamps = event.probableCause.currentRootCause\n    .map(rca => rca.timestamp)\n    .filter(ts => ts != null);\n  if (timestamps.length === 0) return null;\n  return Math.max(...timestamps);\n}\n\nfunction CalculateDaysRcaSla(events) {\n  const durations = [];\n  events.forEach(event => {\n    if (event.start) {\n      const latestRcaTimestamp = GetLatestRootCauseTimestamp(event);\n      if (latestRcaTimestamp) {\n        const days = (latestRcaTimestamp - event.start) / MS_IN_DAY;\n        durations.push(days);\n      }\n    }\n  });\n  if (durations.length === 0) return 0;\n  const totalDays = durations.reduce((sum, d) => sum + d, 0);\n  return totalDays / durations.length;\n}\n\nconst result = {\n  \"mins_mttr\": CalculateMttr($ITSMMetrics[\"IncidentsByAppId\"]),\n  \"mins_mttr_sev1\": CalculateMttr($ITSMMetrics[\"Sev1Incidents\"]),\n  \"mins_mttr_sev2\": CalculateMttr($ITSMMetrics[\"Sev2Incidents\"]),\n  \"mins_mttr_sev1_by_change\": CalculateMttr($ITSMMetrics[\"Sev1IncidentsByChange\"]),\n  \"mins_mttr_sev2_by_change\": CalculateMttr($ITSMMetrics[\"Sev2IncidentsByChange\"]),\n  \"pct_sev1_incidents_by_change\": pct_sev1_by_change,\n  \"pct_sev2_incidents_by_change\": pct_sev2_by_change,\n  \"days_rca_sla_sev1\": CalculateDaysRcaSla($ITSMMetrics[\"Sev1Incidents\"]),\n  \"days_rca_sla_sev2\": CalculateDaysRcaSla($ITSMMetrics[\"Sev2Incidents\"])\n};\n\nconst finalResult = {};\nObject.keys(result).forEach(key => {\n  if (!isInvalid(result[key])) {\n    finalResult[key] = result[key];\n  }\n});\n\n$MTTRProcessedMetricData = finalResult;\n"}, {"name":"calculate_application_metrics","function":"function findLowestValue(arr, property) {\n    const metricsArr = arr.reduce((acc, current) => {\n        return acc.concat(current.metrics[0][property]);\n    }, []);\n\n    const lowest = metricsArr.reduce((min, current) => {\n        return (current < min) ? current : min;\n    }, metricsArr[0]);\n\n    return lowest;\n};\n\nfunction isEmpty(value) {\n    return value === null || value === undefined || value === \"\" || (typeof value === \"object\" && Object.keys(value).length === 0);\n}\n\nfunction isNegative(num) {\n    return num < 0;\n}\n\nfunction processSLOMetrics(items) {\n    let latencyErrorBudgetRemaining = \"\";\n    let latencyTotalErrorBudget = \"\";\n    let availabilityErrorBudgetRemaining = \"\";\n    let availabilityTotalErrorBudget = \"\";\n\n    if (Array.isArray(items)) {\n        items.forEach(dataObject => {\n            const sloBluePrint = dataObject[\"sloConfig\"][\"indicator\"][\"blueprint\"];\n\n            if (sloBluePrint === \"latency\") {\n                latencyErrorBudgetRemaining = dataObject[\"sloReport\"][\"errorBudgetRemaining\"];\n                latencyTotalErrorBudget = dataObject[\"sloReport\"][\"totalErrorBudget\"];\n            }\n\n            if (sloBluePrint === \"availability\") {\n                availabilityErrorBudgetRemaining = dataObject[\"sloReport\"][\"errorBudgetRemaining\"];\n                availabilityTotalErrorBudget = dataObject[\"sloReport\"][\"totalErrorBudget\"];\n            }\n        });\n    }\n\n    return {\n        \"latencyErrorBudgetRemaining\": latencyErrorBudgetRemaining,\n        \"latencyTotalErrorBudget\": latencyTotalErrorBudget,\n        \"availabilityErrorBudgetRemaining\": availabilityErrorBudgetRemaining,\n        \"availabilityTotalErrorBudget\": availabilityTotalErrorBudget\n    };\n}\n\nfunction transformMetrics(input) {\n    let lowestSuccessRate = \"\";\n\n    if (input.synthetic_metrics.metricsResult.length !== 0) {\n        lowestSuccessRate = String(\n            findLowestValue(input.synthetic_metrics.metricsResult, \"synthetic.successRate\")\n        );\n    }\n\n    const out = processSLOMetrics(input.slo_metrics.items);\n    let pct_slo_latency_errorbudget = \"\";\n    let pct_slo_error_rate_errorbudget = \"\";\n\n    if (!isEmpty(out.latencyErrorBudgetRemaining) && !isEmpty(out.latencyTotalErrorBudget)) {\n        pct_slo_latency_errorbudget = String(\n            (parseInt(out.latencyErrorBudgetRemaining) / parseInt(out.latencyTotalErrorBudget)) * 100\n        );\n    }\n\n    if (!isEmpty(out.availabilityErrorBudgetRemaining) && !isEmpty(out.availabilityTotalErrorBudget)) {\n        pct_slo_error_rate_errorbudget = String(\n            (parseInt(out.availabilityErrorBudgetRemaining) / parseInt(out.availabilityTotalErrorBudget)) * 100\n        );\n    }\n\n    let data = {};\n\n    if (!isEmpty(lowestSuccessRate)) {\n        data[\"pct_availability_by_synthetic_tests\"] = lowestSuccessRate;\n        data[\"pct_availability_by_region_by_synthetic_tests\"] = lowestSuccessRate;\n    }\n\n    if (input.application_metrics.items.length !== 0) {\n        const errorRate = (input.application_metrics.items[0].metrics[\"errors.mean\"][0][1] * 100);\n        data[\"pct_availability_by_error_rate\"] = String(errorRate);\n        data[\"pct_availability_by_region_by_error_rate\"] = String(errorRate);\n        data[\"pct_slo_error_rate\"] = String(errorRate);\n        data[\"num_throughput_transactions\"] = String(input.application_metrics.items[0].metrics[\"calls.per_second\"][0][1]);\n        data[\"ms_slo_latency\"] = String(input.application_metrics.items[0].metrics[\"latency.mean\"][0][1]);\n    }\n\n    data[\"num_throughput_visits\"] = String(input.website_metrics.metrics[\"pageViews.sum\"][0][1]);\n\n    if (!isEmpty(pct_slo_error_rate_errorbudget) && !isNegative(pct_slo_error_rate_errorbudget)) {\n        data[\"pct_slo_error_rate_errorbudget\"] = pct_slo_error_rate_errorbudget;\n    }\n\n    if (!isEmpty(pct_slo_latency_errorbudget) && !isNegative(pct_slo_latency_errorbudget)) {\n        data[\"pct_slo_latency_errorbudget\"] = pct_slo_latency_errorbudget;\n    }\n\n    return data;\n}\n\n$APMProcessedMetricData = transformMetrics($ApmMetrics)"}, {"name":"construct_result_obj","function":" $result = Object.assign({}, $APMProcessedMetricData, $MTTRProcessedMetricData)\n"}],"variables":[{"name":"result","required":false,"isInput":false,"isOutput":true,"level":"INTERMEDIATE","type":{"type":"any"},"value":"\"\""},{"name":"ApmMetrics","required":true,"isInput":true,"isOutput":false,"level":"INTERMEDIATE","type":{"type":"object"},"value":"{}"},{"name":"MTTRProcessedMetricData","required":false,"isInput":false,"isOutput":false,"level":"INTERMEDIATE","type":{"type":"object"},"value":"{}"},{"name":"APMProcessedMetricData","required":false,"isInput":false,"isOutput":false,"level":"INTERMEDIATE","type":{"type":"object"},"value":"{}"},{"name":"ITSMMetrics","required":true,"isInput":true,"isOutput":false,"level":"INTERMEDIATE","type":{"type":"object"},"value":"{}"}],"meta":{"workerGroup":"default","created":1762943097482,"lastUpdated":1762943097482,"description":"This workflow calculates the collected metrics","layout":"flat","updatedByUsername":"ibmconcert","numberOfBlocks":3,"version":5},"finally":null}