{"name":"SBOM management","platform":"node","hash":"Ehd2e/ny7fW2jutiuXlMYRbOdc5s2tN8qYse18XI6oY=","blocks":[{"action":"comment","value":"App Sbom"}, {"action":"./Upload_sbom_file","name":"up_app_sbom","inputs":[{"name":"in_sbom_type","value":"\"app_sbom\""},{"name":"in_auth_key","value":"$in_auth_key"},{"name":"in_sbom","value":"$in_all_sbom.app"}]}, {"action":"if","name":"If_app","condition":"$up_app_sbom.success","then":[{"action":"assign","name":"Assign_app","variable":"$t_num_upload","value":"$t_num_upload + 1"},{"action":"foreach-parallel","name":"ForEachParallel_comp","list":"$in_all_sbom.build","concurrency":"3","blocks":[{"action":"comment","value":"Build SBOM"},{"action":"./Upload_sbom_file","name":"up_build_sbom","inputs":[{"name":"in_sbom_type","value":"\"build_sbom\""},{"name":"in_auth_key","value":"$in_auth_key"},{"name":"in_sbom","value":"$ForEachParallel_comp.item"}]},{"action":"if","name":"If_build","condition":"$up_build_sbom.success","then":[{"action":"assign","name":"Assign_build","variable":"$t_num_upload","value":"$t_num_upload + 1"}],"else":[{"action":"system/Common/Array/Array Push","name":"build_error","inputs":[{"name":"array","value":"$error"},{"name":"item","value":"\"Error in Build Sbom upload\" + $up_build_sbom.error.toString()"}]}]}]},{"action":"comment","value":"Deploy SBOM"},{"action":"./Upload_sbom_file","name":"up_deploy_sbom","inputs":[{"name":"in_sbom_type","value":"\"deploy_sbom\""},{"name":"in_auth_key","value":"$in_auth_key"},{"name":"in_sbom","value":"$in_all_sbom.deploy"}],"skipped":true},{"action":"if","name":"If_deploy","skipped":true,"condition":"$up_deploy_sbom.success","then":[{"action":"assign","name":"Assign_deploy","variable":"$t_num_upload","value":"$t_num_upload + 1"}],"else":[{"action":"system/Common/Array/Array Push","name":"deploy_error","inputs":[{"name":"array","value":"$error"},{"name":"item","value":"\"Error in deploy Sbom upload\" + $up_build_sbom.error.toString()"}]}]},{"action":"if","name":"If_cycloneDX","condition":"$in_include_cycloneDx","then":[{"action":"foreach","name":"ForEach_cycloneDx","list":"$in_all_sbom.CycloneDX","blocks":[{"action":"comment","value":"CyclonDX SBOM"},{"action":"./Upload_sbom_file","name":"up_cyclonedx_sbom","inputs":[{"name":"in_sbom_type","value":"\"cycloneDx\""},{"name":"in_auth_key","value":"$in_auth_key"},{"name":"in_sbom","value":"$ForEach_cycloneDx.item"}]},{"action":"if","name":"If_cyclonedx","condition":"$up_cyclonedx_sbom.success","then":[{"action":"assign","name":"Assign_cyclonedx","variable":"$t_num_upload","value":"$t_num_upload + 1"}],"else":[{"action":"system/Common/Array/Array Push","name":"cycloneDX_error","inputs":[{"name":"array","value":"$error"},{"name":"item","value":"\"Error in cycloneDX Sbom upload\" + $up_build_sbom.error.toString()"}]}]}]}],"else":[]}],"else":[{"action":"system/Common/Array/Array Push","name":"app_error","inputs":[{"name":"array","value":"$error"},{"name":"item","value":"\"Error in App Sbom upload\" + $up_app_sbom.error.toString()"}]}]}, {"action":"assign","name":"Assign_success","variable":"$success","value":"$t_num_upload == $in_all_sbom.build.length + $in_all_sbom.CycloneDX.length + 1"}],"variables":[{"name":"in_include_cycloneDx","required":true,"isInput":true,"isOutput":false,"level":"INTERMEDIATE","type":{"type":"boolean"},"value":"true"},{"name":"in_auth_key","required":true,"isInput":true,"isOutput":false,"level":"INTERMEDIATE","type":{"type":"string"},"value":"\"\""},{"name":"in_all_sbom","required":true,"isInput":true,"isOutput":false,"level":"INTERMEDIATE","type":{"type":"object"},"value":"{}"},{"name":"result","required":false,"isInput":false,"isOutput":true,"level":"INTERMEDIATE","type":{"type":"any"},"value":"\"\""},{"name":"success","required":false,"isInput":false,"isOutput":true,"level":"INTERMEDIATE","type":{"type":"boolean"},"value":"false"},{"name":"error","required":false,"isInput":false,"isOutput":true,"level":"INTERMEDIATE","type":{"type":"array"},"value":"[]"},{"name":"debug","required":false,"isInput":false,"isOutput":true,"level":"INTERMEDIATE","type":{"type":"array"},"value":"[]"},{"name":"t_num_upload","required":false,"isInput":false,"isOutput":false,"level":"INTERMEDIATE","type":{"type":"number"},"value":"0"}],"meta":{"workerGroup":"default","layout":"flow","version":5,"created":1756865506205,"lastUpdated":1756865506205,"updatedByUsername":"ibmconcert","numberOfBlocks":24},"finally":null}