{"name":"Upload - Profile","platform":"node","hash":"057Rp3lCvm56krwdmrXiy23EEWKBLs8bVROFR6KTL0w=","blocks":[{"action":"try","name":"Try_1","try":[{"action":"system/IBM/Concert/Concert HTTP Request","name":"IBM_create_profile","inputs":[{"name":"authKey","value":"$in_auth_key"},{"name":"method","value":"\"POST\""},{"name":"path","value":"\"/resilience/grader/api/v1/profile/\" + $tomcat_profile_id + \"/clone\""},{"name":"headers","value":"{\n    \"Content-Type\": \"application/json\"\n}"},{"name":"body","value":"{\n    profile_name: $in_profile_name\n}"}]},{"action":"assign","name":"Assign_create_pro_suc","variable":"$t_create_pro_suc","value":"$IBM_create_profile.result"}],"catch":[]}, {"action":"if","name":"If_200","condition":"$t_create_pro_suc != \"\"","then":[{"action":"assign","name":"Assign_1","variable":"$success","value":"true"},{"action":"assign","name":"Assign_result","variable":"$result","value":"$IBM_create_profile.result"}],"else":[{"action":"assign","name":"Assign_error","variable":"$error","value":"$Try_1.message"}]}],"variables":[{"name":"in_auth_key","required":true,"isInput":true,"isOutput":false,"level":"INTERMEDIATE","type":{"type":"string"},"value":"\"\""},{"name":"in_profile_name","required":true,"isInput":true,"isOutput":false,"level":"INTERMEDIATE","type":{"type":"string"},"value":"\"\""},{"name":"tomcat_profile_id","required":true,"isInput":true,"isOutput":false,"level":"INTERMEDIATE","type":{"type":"string"},"value":"\"\""},{"name":"result","required":false,"isInput":false,"isOutput":true,"level":"INTERMEDIATE","type":{"type":"any"},"value":"{}"},{"name":"success","required":false,"isInput":false,"isOutput":true,"level":"INTERMEDIATE","type":{"type":"boolean"},"value":"false"},{"name":"debug","required":false,"isInput":false,"isOutput":true,"level":"INTERMEDIATE","type":{"type":"object"},"value":"{}"},{"name":"error","required":false,"isInput":false,"isOutput":true,"level":"INTERMEDIATE","type":{"type":"array"},"value":"[]"},{"name":"t_create_pro_suc","required":false,"isInput":false,"isOutput":false,"level":"INTERMEDIATE","type":{"type":"string"},"value":"\"\""}],"meta":{"workerGroup":"default","description":"Creates a profile in Concert","layout":"flow","version":5,"lastUpdated":1761950501328,"updatedByUsername":"ibmconcert","numberOfBlocks":7},"finally":null}