{"name":"Create_Certificate_For_OCP_Kubernetes","platform":"node","hash":"7PhAIA3k7LbL05ySOQG6pHhZq4NYtd8ILBqlw0mdBKQ=","blocks":[{"name":"ExtractAccessPoint","function":"function extractHostFromObject(object, systemType) {\n    if (systemType == \"ocp\") {\n        if (object && typeof object === \"object\" && object.spec && object.spec.host) {\n            return object.spec.host;\n        }\n    }\n\n    if (systemType == \"kubernetes\") {\n        if (object && object.spec && Array.isArray(object.spec.rules) && object.spec.rules.length > 0)\n            return object.spec.rules[0].host;\n    }\n};\n\n$accessPointHost = extractHostFromObject($namespaceResource, $systemType)"}, {"action":"comment","value":"Add metadata based upon system type and api server"}, {"action":"assign","name":"AssignMetadata","variable":"$metadata","value":"{\n    \"source\": `${$systemType}`,\n    \"api_server\": $apiServer\n}"}, {"action":"if","name":"AccessPointCheck","condition":"$accessPointHost != \"\" && $accessPointHost != null && $accessPointHost != undefined","then":[{"action":"comment","value":"Inspect the certificate"},{"action":"system/Common/OpenSSL/Get SSL Certificate","name":"GetCertificateDetails","inputs":[{"name":"url","value":"$accessPointHost"},{"name":"port","value":"$defaultPort"}]},{"action":"comment","value":"Check for the protocol"},{"action":"if","name":"CheckRouteProtocol","condition":"typeof $namespaceResource.spec.tls === \"object\" && Object.keys($namespaceResource.spec.tls).length > 0","then":[{"action":"assign","name":"AssignRouteProtocol","variable":"$routeProtocol","value":"\"https\""}],"else":[{"action":"continue"}]},{"action":"assign","name":"CreateAccessPointObject","variable":"$accesspointObject","value":"{\n    \"name\": $accessPointHost,\n    \"is_public\": \"true\",\n    \"url\": `${$routeProtocol}://${$accessPointHost}:${$defaultPort}`\n}"},{"action":"comment","value":"Check if certificate object with same serial number already exists"},{"action":"if","name":"ExistingCertCheck","condition":"$certificateArr.components.some(cert => cert.serial_number === $GetCertificateDetails.result.serialNumber)","then":[{"action":"comment","value":"Check if the namespace already exists"},{"action":"if","name":"CertNamespaceCheck","condition":"$certificateArr.components.some(\n    comp => Array.isArray(comp.properties) && comp.properties.some(itemVal => itemVal.name === \"namespace\" && itemVal.value === $namespace)\n)","then":[],"else":[{"name":"Function_2","function":"function createCertificateObject(rawData, metadata, namespace) {\n    return {\n        \"type\": \"certificate\",\n        \"ref\": `certificate:${rawData.serialNumber}`,\n        \"serial_number\": rawData.serialNumber,\n\n        \"properties\": [{\n            \"name\": \"subject\",\n            \"value\": JSON.stringify(rawData.subject)\n        }, {\n            \"name\": \"issuer\",\n            \"value\": JSON.stringify(rawData.issuer)\n        }, {\n            \"name\": \"validity_start_date\",\n            \"value\": convertDateToUTC(rawData.valid_from)\n        }, {\n            \"name\": \"validity_end_date\",\n            \"value\": convertDateToUTC(rawData.valid_to)\n        }, {\n            \"name\": \"namespace\",\n            \"value\": namespace\n        }, {\n            \"name\": \"dns_names\",\n            \"value\": rawData.subjectaltname\n        }, {\n            \"name\": \"metadata\",\n            \"value\": JSON.stringify(metadata)\n        }],\n        \"access_points\": []\n    };\n};\n\nfunction convertDateToUTC(dateString) {\n    if (!dateString) {\n        return null;\n    }\n\n    const dt = new Date(dateString);\n    const year = dt.getUTCFullYear();\n    const month = String(dt.getUTCMonth() + 1).padStart(2, \"0\");\n    const day = String(dt.getUTCDate()).padStart(2, \"0\");\n    const hours = String(dt.getUTCHours()).padStart(2, \"0\");\n    const minutes = String(dt.getUTCMinutes()).padStart(2, \"0\");\n    const seconds = String(dt.getUTCSeconds()).padStart(2, \"0\");\n    return `${year}-${month}-${day} ${hours}:${minutes}:${seconds} +0000 UTC`;\n}\n\n$result = createCertificateObject($GetCertificateDetails.result, $metadata, $namespace)"},{"name":"CreateCertWithSameNamespace","action":"split","branches":[{"blocks":[{"action":"system/Common/Array/Array Push","name":"AddDependency","inputs":[{"name":"array","value":"$certificateArr.dependencies[0].depends_on"},{"name":"item","value":"`certificate:${$GetCertificateDetails.serialNumber}`"}]}]},{"blocks":[{"action":"system/Common/Array/Array Push","name":"AddNewCertObj","inputs":[{"name":"array","value":"$certificateArr.components"},{"name":"item","value":"$result"}]}]}]}]},{"action":"comment","value":"Append the access point to same certificate"},{"name":"Function_1","function":"function InsertAccessPoint(existingAccesspoints, accesspoint) {\n    const exists = existingAccesspoints.some(obj => JSON.stringify(obj) === JSON.stringify(accesspoint));\n\n    if (!exists) {\n        existingAccesspoints.push(accesspoint);\n    }\n\n    return existingAccesspoints;\n};\n\n$certificateArr.components[0].access_points = InsertAccessPoint($certificateArr.components[0].access_points, $accesspointObject)"}],"else":[{"action":"comment","value":"Create new certificate object"},{"name":"TransformCertificateObject","function":"function createCertificateObject(rawData, metadata, namespace) {\n    return {\n        \"type\": \"certificate\",\n        \"ref\": `certificate:${rawData.serialNumber}`,\n        \"serial_number\": rawData.serialNumber,\n\n        \"properties\": [{\n            \"name\": \"subject\",\n            \"value\": JSON.stringify(rawData.subject)\n        }, {\n            \"name\": \"issuer\",\n            \"value\": JSON.stringify(rawData.issuer)\n        }, {\n            \"name\": \"validity_start_date\",\n            \"value\": convertDateToUTC(rawData.valid_from)\n        }, {\n            \"name\": \"validity_end_date\",\n            \"value\": convertDateToUTC(rawData.valid_to)\n        }, {\n            \"name\": \"namespace\",\n            \"value\": namespace\n        }, {\n            \"name\": \"dns_names\",\n            \"value\": rawData.subjectaltname\n        }, {\n            \"name\": \"metadata\",\n            \"value\": JSON.stringify(metadata)\n        }],\n        \"access_points\": []\n    };\n};\n\nfunction convertDateToUTC(dateString) {\n    if (!dateString) {\n        return null;\n    }\n\n    const dt = new Date(dateString);\n    const year = dt.getUTCFullYear();\n    const month = String(dt.getUTCMonth() + 1).padStart(2, \"0\");\n    const day = String(dt.getUTCDate()).padStart(2, \"0\");\n    const hours = String(dt.getUTCHours()).padStart(2, \"0\");\n    const minutes = String(dt.getUTCMinutes()).padStart(2, \"0\");\n    const seconds = String(dt.getUTCSeconds()).padStart(2, \"0\");\n    return `${year}-${month}-${day} ${hours}:${minutes}:${seconds} +0000 UTC`;\n}\n\n$result = createCertificateObject($GetCertificateDetails.result, $metadata, $namespace)"},{"action":"system/Common/Array/Array Push","name":"AddAccessPoint","inputs":[{"name":"array","value":"$result.access_points"},{"name":"item","value":"$accesspointObject"}]},{"action":"comment","value":"Creation of components and dependency for certificates"},{"name":"CreateCertificateData","action":"split","branches":[{"blocks":[{"action":"system/Common/Array/Array Push","name":"CreateDependency","inputs":[{"name":"array","value":"$certificateArr.dependencies[0].depends_on"},{"name":"item","value":"`certificate:${$GetCertificateDetails.serialNumber}`"}]}]},{"blocks":[{"action":"system/Common/Array/Array Push","name":"CreateCertArr","inputs":[{"name":"array","value":"$certificateArr.components"},{"name":"item","value":"$result"}]}]}]},{"action":"comment","value":"Assign environment details"},{"action":"assign","name":"AddEnvironmement","value":"`environment:${$envName}`","variable":"$certificateArr.dependencies[0].ref"}]}],"else":[{"action":"continue"}]}],"variables":[{"name":"namespaceResource","required":true,"isInput":true,"isOutput":false,"level":"INTERMEDIATE","type":{"type":"object"},"value":"{}"},{"name":"defaultPort","required":true,"isInput":true,"isOutput":false,"level":"INTERMEDIATE","type":{"type":"number"},"value":"0"},{"name":"apiServer","required":true,"isInput":true,"isOutput":false,"level":"INTERMEDIATE","type":{"type":"string"},"value":"\"\""},{"name":"certificateArr","required":true,"isInput":true,"isOutput":false,"level":"INTERMEDIATE","type":{"type":"object"},"value":"{}"},{"name":"systemType","required":true,"isInput":true,"isOutput":false,"level":"INTERMEDIATE","type":{"type":"string"},"value":"\"\""},{"name":"envName","required":true,"isInput":true,"isOutput":false,"level":"INTERMEDIATE","type":{"type":"string"},"value":"\"\""},{"name":"namespace","required":true,"isInput":true,"isOutput":false,"level":"INTERMEDIATE","type":{"type":"string"},"value":"\"\""},{"name":"metadata","required":false,"isInput":false,"isOutput":false,"level":"INTERMEDIATE","type":{"type":"object"},"value":"{}"},{"name":"routeProtocol","required":false,"isInput":false,"isOutput":false,"level":"INTERMEDIATE","type":{"type":"string"},"value":"\"\""},{"name":"accessPointHost","required":false,"isInput":false,"isOutput":false,"level":"INTERMEDIATE","type":{"type":"string"},"value":"\"\""},{"name":"accesspointObject","required":false,"isInput":false,"isOutput":false,"level":"INTERMEDIATE","type":{"type":"object"},"value":"{\n    \"name\": \"\",\n    \"is_public\": \"\",\n    \"url\": \"\"\n}"},{"name":"result","required":false,"isInput":false,"isOutput":true,"level":"INTERMEDIATE","type":{"type":"any"},"value":"\"\""}],"meta":{"workerGroup":"default","created":1762334668638,"lastUpdated":1762334668638,"description":"This flow transform the certificate data for ingesting in IBM Concert","layout":"flow","updatedByUsername":"ibmconcert","numberOfBlocks":35,"version":5},"finally":null}