{"name":"Decode an X.509 Certificate","platform":"node","hash":"Npy9fIxAymR6BAPY/FhWDjyiRhfapkTw2F5pvLjeR40=","blocks":[{"action":"system/Common/OpenSSL/Decode X509","name":"decodeCertificate","inputs":[{"name":"data","value":"$certificate"}]}, {"name":"snToDec","function":"try {\n    $decodeCertificate.result.serialNumber = BigInt(\"0x\" + $decodeCertificate.result.serialNumber).toString(10);\n}\ncatch(e){}"}, {"action":"assign","name":"assignMetadata","variable":"$decodeCertificate.result.metadata","value":"$metadata"}, {"action":"assign","name":"Assign_1","variable":"$result","value":"$decodeCertificate.result"}],"variables":[{"name":"certificate","required":false,"isInput":true,"isOutput":false,"level":"INTERMEDIATE","type":{"type":"string"},"value":"\"\""},{"name":"metadata","required":false,"isInput":true,"isOutput":false,"level":"INTERMEDIATE","type":{"type":"object"},"value":"{}"},{"name":"result","required":false,"isInput":false,"isOutput":true,"level":"INTERMEDIATE","type":{"type":"object"},"value":"{}"}],"meta":{"version":5,"layout":"flat","workerGroup":"default","created":1747671300946,"lastUpdated":1747671300946,"updatedByUsername":"admin","numberOfBlocks":4,"description":"A decoder for an X.509 certificate"},"finally":null}