{"name":"IBM_SM_certs_renewal","platform":"node","hash":"J1JWqR0EesuYefqdwgVV6dWU1mWyCXZM7Zlpae0mrXY=","blocks":[{"action":"foreach","name":"foreachCertificates","list":"$certificates","blocks":[{"action":"try","name":"Try_1","try":[{"action":"comment","value":"Checking if it is a public certificate"},{"action":"if","name":"If_1","condition":"($foreachCertificates.item.metadata.source == \"ibm_sm\" && $foreachCertificates.item.metadata.secret_type == \"public_cert\")","then":[{"action":"comment","value":"Rotating each eligible certificate"},{"action":"system/IBM/Cloud/Secrets Manager/Secret versions/Create Secret Version","name":"RotateCert","inputs":[{"name":"authKey","value":"$service_auth"},{"name":"secret_id","value":"$foreachCertificates.item.metadata.secret_id"},{"name":"body","value":"{\n    \"version_custom_metadata\": {\n        \"custom_version_key\": \"workflow\"\n    }\n}"}]},{"action":"system/Common/Sleep","name":"Sleep_1","inputs":[{"name":"seconds","value":"5"}]},{"action":"comment","value":"Check Success"},{"action":"if","name":"checkSuccess","condition":"($RotateCert.result.secret_id && $RotateCert.result.created_at)","then":[{"action":"system/Common/Array/Array Push","name":"add_to_summarySuccess","inputs":[{"name":"array","value":"$rotation_summary.summary"},{"name":"item","value":"{\n    \"success\": true,\n    \"certificate\": $foreachCertificates.item.metadata.secret_id\n}"}]}],"else":[{"action":"system/Common/Array/Array Push","name":"add_to_summaryFailure","inputs":[{"name":"array","value":"$rotation_summary.summary"},{"name":"item","value":"{\n    \"success\": false,\n    \"certificate\": $foreachCertificates.item.metadata.secret_id\n}"}]}]}],"else":[]}],"catch":[{"action":"system/Common/Array/Array Push","name":"add_to_summaryError","inputs":[{"name":"array","value":"$rotation_summary.summary"},{"name":"item","value":"{\n    \"success\": false,\n    \"certificate\": $foreachCertificates.item.metadata.secret_id,\n    \"error\": $Try_1.message\n}"}]}]}]}, {"action":"comment","value":"rotation summary"}, {"action":"assign","name":"AssignResult","variable":"$result","value":"$rotation_summary"}],"variables":[{"name":"result","required":false,"isInput":false,"isOutput":true,"level":"INTERMEDIATE","type":{"type":"any"},"value":"\"\""},{"name":"certificates","required":true,"isInput":true,"isOutput":false,"level":"INTERMEDIATE","type":{"type":"array"},"value":"[]"},{"name":"service_auth","required":true,"isInput":true,"isOutput":false,"level":"INTERMEDIATE","type":{"type":"string"},"value":"\"\""},{"name":"rotation_summary","required":true,"isInput":true,"isOutput":true,"level":"INTERMEDIATE","type":{"type":"object"},"value":"{\n    \"summary\": []\n}"},{"name":"error","required":true,"isInput":true,"isOutput":true,"level":"INTERMEDIATE","type":{"type":"any"},"value":"\"\""},{"name":"final_summary","required":false,"isInput":false,"isOutput":false,"level":"INTERMEDIATE","type":{"type":"object"},"value":"{\n    \"rotation_summary\": []\n}"}],"meta":{"workerGroup":"default","created":1752745773702,"lastUpdated":1752746789320,"description":"This flow take  service_auth of IBM secret manager connection and certificate data.\nIt will find the certificate  by using its secret id and generate new certificate with the data available.\n","layout":"flow","updatedByUsername":"ibmconcert","numberOfBlocks":14,"version":5},"finally":null}